Organization,Branch,street_1,street_2,city,zip,phone,website,latitude,longitude,flag_saf,flag_mhf,flag_mc,flag_md,flag_np_ss,flag_pi,flag_gl,flag_vet,flag_pw,flag_hv,flag_dv,flag_chld,flag_yad,flag_adlt,flag_snr,flag_si,filter_military,filter_inpatient_svc,filter_residential_pgm
Allied Service Center NYC,Queens Opioid Treatment Clinic Otp 3,2036 Amsterdam Avenue,,NEW YORK,10032,212-645-0875,,40.8352691,-73.94029305,,,1,1,,1,1,,,1,,,1,,,,,,
Beth Israel Medical Center,Ny Center Addiction Treatment Op 1,25 12th Street,,BROOKLYN,11215,718-965-7900,,40.67183494,-73.99706919,1,1,,1,,,,,,,,,1,,,,,,
New York Center Addiction Treatment,Bleuler Cd Recovery Services Op,37-20 74Th Street,,QUEENS,11372,212-966-9537,http://nycats.net/,40.74827786,-73.89172079,1,,1,1,,1,,,,,,,1,,,,,,
"Bleuler Psychotherapy Center, Inc.",Bleuler Cd Recovery Services Op,104-70 Queens Boulevard,,QUEENS,11375,718-275-6010,,40.72336959,-73.84829544,,1,1,1,,1,,,,,,1,1,1,1,,,,
"Safe Space NYC, Inc.",Family Life Clinic,133-25 Guy R. Brewer Boulevard,,QUEENS,11434,718-206-3440,,40.67376872,-73.77595052,,,1,1,,1,,,,,,1,1,1,,,,,
"Samuel Field YM & YWHA, Inc.",Community Advisory Program for the Elderly,67-09 108th Street,,QUEENS,11375,718-224-0566,,40.72870149,-73.84741377,1,1,1,1,,1,,,,,,,,,1,,,,
"Samuel Field YM & YWHA, Inc.",Community Advisory Program for the Elderly,208-11 26th Avenue,,QUEENS,11360,718-224-0566,,40.77638032,-73.78379773,1,1,1,1,,1,,,,,,,,,1,,,,
"Samuel Field YM & YWHA, Inc.",Community Advisory Program for the Elderly,92-33 170th Street,,QUEENS,11433,718-657-6540,,40.706193,-73.7891362,1,1,,1,,,,,,,,,,,1,,,,
"Service Program for Older People, Inc.",Service Program for Older People PROS,188 W. 88th Street,,NEW YORK,10024,212-787-7120,http://www.spop.org/,40.7887173,-73.9734392,1,1,1,1,,,,,,,,,,,1,,,,
"Service Program for Older People, Inc.",SPOP Mental Health Clinic,225 E. 93rd Street,,NEW YORK,10128,212-787-7120,http://www.spop.org/,40.78296479,-73.95001368,1,1,,,,1,,,,,,,,,1,,,,
"Service Program for Older People, Inc.",SPOP Mental Health Clinic,465 Grand Street,,NEW YORK,10012,212-787-7120,http://www.spop.org/,40.71513259,-73.98403061,1,1,,,,1,,,,,,,,,1,,,,
"Service Program for Older People, Inc.",SPOP Mental Health Clinic,331 E. 12th Street,,NEW YORK,10003,212-787-7120,http://www.spop.org/,40.73065708,-73.98504077,1,1,,,,1,,,,,,,,,1,,,,
"Service Program for Older People, Inc.",SPOP Mental Health Clinic,72 Columbia Street,,NEW YORK,10002,212-787-7120,http://www.spop.org/,40.71700668,-73.98026767,1,1,,,,1,,,,,,,,,1,,,,
"Service Program for Older People, Inc.",SPOP Mental Health Clinic,1484 1st Avenue,,NEW YORK,10075,212-787-7120,http://www.spop.org/,40.77124347,-73.95347754,1,1,,,,1,,,,,,,,,1,,,,
"Service Program for Older People, Inc.",SPOP Mental Health Clinic,312 E. 109th Street,,NEW YORK,10029,212-787-7120,http://www.spop.org/,40.79230607,-73.94047965,1,1,,,,1,,,,,,,,,1,,,,
"Service Program for Older People, Inc.",SPOP Mental Health Clinic,415 East 93rd Street,,NEW YORK,10128,212-787-7120,http://www.spop.org/,40.78090401,-73.94511171,1,1,,,,1,,,,,,,,,1,,,,
South Beach Psychiatric Center,Heights Hill Clinic,25 Flatbush Avenue,,BROOKLYN,11217,718-875-1420,https://www.omh.ny.gov/omhweb/facilities/sbpc/employment.htm,40.68795882,-73.98026906,,1,1,1,,1,1,,,,,,1,1,,,,,
South Beach Psychiatric Center,Mapleton Clinic,1083 Mcdonald Avenue,,BROOKLYN,11230,718-421-7444,https://www.omh.ny.gov/omhweb/facilities/sbpc/employment.htm,40.62685379,-73.97640723,,1,1,1,,1,,,,,,,1,1,1,,,,
St. Luke's-Roosevelt Hospital center,SRL Department Of Psychiatry And Behavioral Health,347 West 37th street,,NEW YORK,10018,212-523-6676,,40.75467443,-73.99343448,1,1,,,1,,,,,,,,1,1,1,,,,
Goddard-Riverside Community Center,The Other Place,264 West 87th Street,,NEW YORK,10024,212-799-7171,http://www.goddard.org/,40.78919006,-73.97651582,,1,,1,,,,,,,,,1,1,1,,,,
"Goodwill Industries of Greater New York & Northern New Jersey, Inc.",PAL Queens Peer Advocacy,33-24 Northern Boulevard,2nd Floor,QUEENS,11101,347-649-3850,,40.75200211,-73.93031948,,1,,,1,,,,,,,,1,1,1,,,,
"Goodwill Industries of Greater New York & Northern New Jersey, Inc.",Brooklyn Assisted Competitive Employment ( BACE),2559 West 13th Street,,BROOKLYN,11223,718-372-0371,http://www.goodwillnynj.org/,40.58549349,-73.98209227,,1,,,1,,,,,,,,1,1,1,,,,
"Goodwill Industries of Greater New York & Northern New Jersey, Inc.",Bronx Assisted Competitive Employment,384 East 149th Street,6th Floor Room 622,BRONX,10455,718-401-2555,http://www.goodwillnynj.org/,40.81624301,-73.91836265,,1,,,1,,,,,,,,1,1,1,,,,
"Goodwill Industries of Greater New York & Northern New Jersey, Inc.",CitiView Psychosocial Clubhouse,33-24A Northern Boulevard,3rd Floor,QUEENS,11101,718-361-7030,http://www.goodwillnynj.org/,40.75200211,-73.93031948,,1,,,1,,,,,,,,1,1,1,,,,
"Goodwill Industries of Greater New York & Northern New Jersey, Inc.",Seamark Center Clubhouse,2559 West 13th Street,,BROOKLYN,11223,718-372-0450,http://www.goodwillnynj.org/,40.58549349,-73.98209227,,1,,,1,,,,,,,,1,1,1,,,,
"Goodwill Industries of Greater New York & Northern New Jersey, Inc.",Latern House,512 Southern Boulevard,,BRONX,10455,718-993-1078,,40.81153108,-73.90500941,,1,,,1,,,,,,,,1,1,1,,,,
"Heights Hill Mental Health Service Community Advisory Board, Inc.","Rainbow Heights Club, Advocacy Services",25 Flatbush Avenue,3rd Floor,BROOKLYN,11217,718-852-5212,,40.68795882,-73.98026906,,1,,,1,,1,,,,,,1,1,1,,,,
"Hospital Audiences, Inc.",Recreation Program,33-02 Skillman Avenue,,QUEENS,11101,212-575-7676,http://hainyc.org/,40.74672718,-73.93111175,,1,,,1,,,,,1,,1,1,1,1,,,,
"Jewish Association for Services for the Aged, Inc.",Bronx Friendship House,2705 Schley Avenue,,BRONX,10465,718-863-8833,http://www.jasa.org/,40.82166186,-73.82706146,,1,,,1,,,,,,,,,,1,,,,
"Jewish Association for Services for the Aged, Inc.",Brooklyn Friendship House,202 Graham Avenue,,BROOKLYN,11206,718-922-5079,http://www.jasa.org/,40.70887821,-73.9434433,,1,,,1,,,,,,,,,,1,,,,
"Jewish Board of Family and Children's Services, Inc.Â ",Loss and Bereavement,135 West 50th Street,,NEW YORK,10020,212-582-9100,https://www.jbfcs.org/,40.76037397,-73.98153267,,1,1,1,,,1,,,,,1,1,1,,,,,
"Jewish Board of Family and Children's Services, Inc.Â ",CoD Peer Advocacy Program,195 Montague Street,8th Floor,BROOKLYN,11201,718-488-0100,https://www.jbfcs.org/,40.69401516,-73.99147151,1,1,1,1,,,,,,,,,1,1,,,,,
"Jewish Board of Family and Children's Services, Inc.Â ",Health Home Care Coordination for People with Mental Illness- Bronx (Adult),55 Westchester Square,,BRONX,10461,718-931-4045,https://www.jbfcs.org/,40.84146899,-73.84330246,,1,,1,,,,,,,,,1,1,,,,,
"Jewish Board of Family and Children's Services, Inc.Â ",Bronx Home Based Crisis Intervention,521 West 239th Street,,BRONX,10463,718-601-2280,https://www.jbfcs.org/,40.88944842,-73.90923453,,1,1,1,,1,,,,,,,1,1,,,,,
Jewish Board of Family & Children's Services,JBFCS- Bay Ridge Counseling center,9201 4th Avenue,,BROOKLYN,11209,718-238-6444,https://www.jbfcs.org/,40.61822537,-74.03021026,,1,1,1,,1,,,,,,,1,1,,,,,
Jewish Board of Family & Children's Services,JBFCS Brooklyn PROS Possibilities,195 Montague Street,,BROOKLYN,11201,718-488-0100,https://www.jbfcs.org/,40.69401516,-73.99147151,,1,1,1,,,,,,,,1,1,1,,,,,
Jewish Board of Family & Children's Services,JBFCS Ittleson Center For Children Research,5050 Iselin Avenue,,BRONX,10471,718-549-6700,https://www.jbfcs.org/,40.89901612,-73.90548123,,1,1,1,,1,,,,,,,1,1,,,,,
Jewish Board of Family & Children's Services,JBFCS Madeleine Borg JW Beatman Counseling Center,521 West 239th Street,,BRONX,10463,718-601-2280,https://www.jbfcs.org/,40.88944842,-73.90923453,,1,1,1,,1,,,,,,1,1,1,,,,,
Jewish Child Care Association of New York,JCCA Brooklyn Child & Adolescfent Guidance Services,858 E. 29th Street,,NEW YORK,10016,718-859-4500,http://www.jccany.org,40.73989942,-73.97392056,1,1,1,1,,1,,,,,,1,1,,,,,,
JGB Mental Health and Mental Retardation Svcs,"JBG Mental Health and Mental Retardation Services, Inc. CTP",1630 East 15th Street,,BROOKLYN,11229,212-769-6259,,40.60968827,-73.95847026,1,1,1,1,,1,,,,,,,,,,,,,
Lutheran Medical Center,Sunset Park Mental Health Center,514  West 49th Street,,NEW YORK,10019,718-431-2600,,40.76455002,-73.99344073,1,1,1,1,,1,1,,,1,1,,1,1,,,,,
Lutheran Medical Center,Sunset Park Mental Health Center,4004 Fourth Avenue,,BROOKLYN,11232,718-431-2600,,40.65197629,-74.00686174,1,1,1,1,,1,1,,,1,1,1,1,,,,,,
"Palladia, Inc.",Ujima House Cr,1806-08 3rd Avenue,,NEW YORK,10029,718-294-4184,http://www.palladiainc.org/,40.7879151,-73.94735211,1,1,,1,,1,,,,,,,,1,,,,,
"Palladia, Inc.",Cti Harlem Op,177 E. 122nd Street,,NEW YORK,10035,212-979-8800,http://www.palladiainc.org/,40.8020952,-73.93797863,1,1,,,,1,,,,,,,,1,,,,,
"Palladia, Inc.",Esperanza Transitional Shelter Cr,170 E. 107th Street,,NEW YORK,10029,212-722-7501,http://www.palladiainc.org/,40.7925773,-73.94499013,1,1,,1,,1,,,,1,,,,1,,,,,
Legal Action Ctr Of The City Of Ny,"Legal Action Ctr., City Of New York",225 Varick Street,,NEW YORK,10014,212-243-1313,http://lac.org/,40.72916478,-74.00524968,1,,,,,,,,,1,,,,1,,,,,
"Qsa Services, Inc.D/B/A  Pac Of Queens",The Pac Program Op,40-11 Warren Street,,QUEENS,11373,718328-2605,,40.7487469,-73.87017373,1,1,,1,,1,,,,,,,1,1,1,,,,
"Reborn For New Life, Llc","Reborn For New Life, Llc Op",400 Liberty Avenue,,BROOKLYN,11207,646-251-1400,,40.67460601,-73.89507416,,,,1,,,,,,,,,,,,,,,
"Ohel Children's Home & Family Services, Inc.",Ohel - Tikvah Clinic,2925 A. Kings Highway,,QUEENS,11229,718-382-0045,http://www.ohelfamily.org/,40.59566169,-73.74388795,1,,1,1,,1,,,,,1,1,1,1,1,,,,
"Pesach Tikvah-Hope Development, Inc.",Pesach Tikvah Family Services Center,18 Middleton Street,,BROOKLYN,11206,718-875-6900,http://www.pesachtikvah.org/,40.70029778,-73.9552293,,1,,1,,1,,,,,,,,1,,,,,
"Pesach Tikvah-Hope Development, Inc.",Pesach Tikvah Family Services Center,4111 18th Avenue,,BROOKLYN,11218,718-875-6900,http://www.pesachtikvah.org/,40.63180233,-73.97490673,,1,,1,,1,,,,,,,,1,,,,,
"Postgraduate Center for Mental Health, Inc.",Center for Adult Psychotherapy,71 West 23rd Street,,NEW YORK,10010,212-576-4104,http://www.pgcmh.org/,40.74244097,-73.9916674,,1,1,1,,1,,,,,,1,1,1,,,,,
"Postgraduate Center for Mental Health, Inc.",PCMH Brooklyn ACT,164 20th Street,,BROOKLYN,11232,718-431-8725,http://www.pgcmh.org/,40.66360879,-73.99569625,,1,,1,,,,,,,,1,1,1,,,,,
Jamaica Hospital Medical Center CPEP,Jamaica Hospital Medical Center CPEP,8900 Van Wyck Expressway,,QUEENS,11418,718-206-7099,http://jamaicahospital.org/,40.70115331,-73.81618304,,1,1,1,,1,,,,,,,,1,,,,,
Jamaica Hospital Mental Health Clinic,Jamaica Hospital Mental Health Clinic,90-09 Van Wyck Expressway,,QUEENS,11435,718-206-5575,http://jamaicahospital.org/,40.70052018,-73.81504153,,1,1,1,,1,,,,,,1,1,1,1,,,,
Bronx Counseling (Resource) Center Clinic,Bronx Studio School for Writers and Artists,928 Simpson Street,,BRONX,10459,718-881-7600,,40.82057826,-73.89312783,,1,1,1,,1,,,,,,,1,,,,,,
Bronx Counseling (Resource) Center Clinic,Child and Family Clinic Plus at Evander,800 East Gun Hill Road,,BRONX,10467,718-881-7600,,40.87595259,-73.86197016,,1,1,1,,1,,,,,,1,1,1,,,,,
Brooklyn Counseling (Resource) Center Clinic,Maimonides Geriatric Integrated Care at 57th Street,1250 57th Street,,BROOKLYN,11219,718-998-3235,,40.63119571,-73.99787078,,1,1,1,,1,,,,,,,,1,,,,,
"Staten Island Mental Health Society, Inc.",Day Treatment South,6581 Hylan Boulevard,,STATEN ISLAND,10309,718-984-4589,https://simhs.org/,40.50877013,-74.2226191,,1,1,1,,1,,,,,,,1,,,,,,
"Staten Island Mental Health Society, Inc.",Staten Island Mental Health Society CHAIT Clinic,11 Clove Lake Place,,STATEN ISLAND,10310,718-442-2225,https://simhs.org/,40.62816908,-74.11699711,,1,1,1,,1,,,,,,1,1,1,,,,,
"Staten Island Mental Health Society, Inc.",Staten Island Mental Health Society CHAIT Clinic,101 Warren Street,,STATEN ISLAND,10304,718-442-2225,https://simhs.org/,40.62034677,-74.0816427,,1,1,1,,1,,,,,,1,1,1,,,,,
"Staten Island Mental Health Society, Inc.",Staten Island Mental Health Society CHAIT Clinic,100 Tompkins Avenue,,STATEN ISLAND,10305,718-442-2225,https://simhs.org/,40.62245421,-74.07850771,,1,1,1,,1,,,,,,1,1,1,,,,,
"Staten Island Mental Health Society, Inc.",Staten Island Mental Health Society CHAIT Clinic,80 Monroe Avenue,,STATEN ISLAND,10301,718-442-2225,https://simhs.org/,40.63969929,-74.07914054,,1,1,1,,1,,,,,,1,1,1,,,,,
"Staten Island Mental Health Society, Inc.",Staten Island Mental Health Society CHAIT Clinic,80 Maple Parkway,,STATEN ISLAND,10303,718-442-2225,https://simhs.org/,40.63178922,-74.15643938,,1,1,1,,1,,,,,,1,1,1,,,,,
"Staten Island Mental Health Society, Inc.",Staten Island Mental Health Society CHAIT Clinic,140 Palma Drive,,STATEN ISLAND,10304,718-442-2225,https://simhs.org/,40.61150743,-74.08317701,,1,1,1,,1,,,,,,1,1,1,,,,,
"The Child Center of NY, Inc.",The Child Center of NY - Flushing Clinic,147-26 25th Drive,,QUEENS,11354,718-358-8288,http://childcenterny.org/index.php,40.77525306,-73.81934713,,,,1,,1,,,,,,1,,,,,,,
"The Child Center of NY, Inc.",The Child Center of NY - Flushing Clinic,154-60 17th Avenue,,QUEENS,11357,718-358-8288,http://childcenterny.org/index.php,40.78364982,-73.80783778,,,,1,,1,,,,,,1,,,,,,,
"The Child Center of NY, Inc.",The Child Center of NY - South Jamaica Clinic,1600 Central Avenue,,QUEENS,11691,718-659-4000,http://childcenterny.org/index.php,40.60518193,-73.75196166,,,,1,,1,,,,,,1,,,,,,,
"The Child Center of NY, Inc.",The Child Center of NY - Woodside Clinic,28-37 29th Street,,QUEENS,11102,718-458-4243,http://childcenterny.org/index.php,40.76898429,-73.92242789,,,,1,,1,,,,,,1,,,,,,,
"The Child Center of NY, Inc.",The Child Center of NY - Woodside Clinic,14-14 29th Avenue,,QUEENS,11103,718-458-4243,http://childcenterny.org/index.php,40.77133534,-73.92908618,,,,1,,1,,,,,,1,,,,,,,
"The Child Center of NY, Inc.",The Child Center of NY - Woodside Clinic,60-02 Roosevelt Avenue,,QUEENS,11377,718-458-4243,http://childcenterny.org/index.php,40.74548659,-73.90427353,,,,1,,1,,,,,,1,,,,,,,
The Family Center,Irene LeeKong Health and Wellness Institute at TFC,493 Nostrand Avenue,,BROOKLYN,11216,718-230-1379,http://www.thefamilycenter.org/,40.68055506,-73.94958568,,1,,1,,1,,,,,,1,1,,,,,,
"The Floating Hospital, Inc.",Floating Hospital Clinic,10-29 41st Avenue,,QUEENS,11101,718-784-2240,http://www.thefloatinghospital.org/,40.75544935,-73.94524819,1,1,1,1,,1,,,,,1,,,1,,,,,
"The Floating Hospital, Inc.",,"41-40 27th Street, LIC",,QUEENS,11101,,http://www.thefloatinghospital.org/,40.75129605,-73.93882356,1,1,,,,1,,,,,1,,,1,,,,,
"Bleuler Psychotherapy Center, Inc.",Bleuler Psychotherapy Center,104-70 Queens Boulevard,,QUEENS,11375,718-275-6010,http://www.bleulerpsychotherapycenter.org/,40.72336959,-73.84829544,,1,1,1,,1,,,,,,1,1,1,1,,,,
"Eating Disorder Treatment of New York, LLC",Eating Disorder Treatment of New York,117 West 72nd Street,,NEW YORK,10023,888-228-1253,http://www.montenido.com/facilities/eating_disorder_treatment_of_new_york,40.77773411,-73.97953838,1,1,,,,1,,,,,,,1,1,,,,,
"Federation of Org. f/t NYS Ment.Disabled, Inc",Federation of Organizations ACT Program,105-01 101st Avenue,,QUEENS,11416,718-850-7099,,40.68654276,-73.83802717,1,1,,1,,,,,,,,,,,,,,,
"Federation of Org. f/t NYS Ment.Disabled, Inc",Federation of Organizations Brooklyn Manor Adult Home I Clin,2830 Pitkin Avenue,,BROOKLYN,11208,718-235-0900,,40.67600247,-73.86782057,1,1,,,,,,,,,,,,1,,,,,
Jewish Child Care Association of New York,Children's Services Expansion,858 East 29th Street,,BROOKLYN,11210,917-808-4800,,40.62985571,-73.94848554,,1,,1,,,,,,,,1,1,1,,,,,
"Lenox Hill Neighborhood House, Inc.",Peer Advocacy,643 Park Avenue,3rd Floor,NEW YORK,10065,212-218-0515,http://www.lenoxhill.org/,40.76749043,-73.96644767,,1,,,1,,,,,,,,,1,,,,,
"National Alliance for the Mentally Ill of New York City, Inc.",Advocacy Services,505 Eighth Avenue,Suite 1103,NEW YORK,10018,212-684-3365,http://www.naminycmetro.org/,40.75304676,-73.99284993,,1,,,1,,,,,,,,,1,,,,,
"NYSARC, Inc. New York City Chapter",Job Connection Center,57 Willoughby Street,4th Floor,BROOKLYN,11201,718-246-1507,http://www.nysarc.org/,40.69221688,-73.9866649,,1,,1,,,,,,,,,,1,1,,,,
Saint Dominic's Home,Blended Case Management (Children's),2341 Dr Martin Luther King Jr Blvd,,BRONX,10468,718-584-4407,http://www.stdominicshome.org/,40.86144183,-73.90612753,,1,,,1,,,,,,,1,,,,,,,
"Sky Light Center, Inc.",Assisted Competitive Employment,307 St. Mark's Place,,STATEN ISLAND,10301,718-720-2585,http://www.skylightcenter.org/,40.64248022,-74.07846641,,1,,,1,,,,,,,,,1,,,,,
"Urban Pathways, Inc.",Assisted Competitive Employment,575 Eighth Avenue,,NEW YORK,10018,212-736-7385,http://www.urbanpathways.org/,40.75495152,-73.99146731,,,,,1,,,,,,,,,1,,,,,
"Venture House, Inc.","Venture House, Inc.",150-10 Hillside Avenue,,QUEENS,11432,718-658-7201,http://www.venturehouse.org/,40.70671716,-73.80626336,,1,,,,,,,,,,,,1,1,,,,
Visiting Nurse Service of New York,Visiting Nurse Bronx ACT Program,349 E. 149th Street,,BRONX,10451,718-742-5155,http://www.vnsny.org/,40.81666956,-73.91995897,,1,,1,,,,,,,,1,1,,,,,,
Visiting Nurse Service of New York,VNS Children and Adolescent MH Clinic at FRIENDS,470 Jackson Avenue,Room 117,BRONX,10455,718-742-7000,http://www.vnsny.org/,40.81116164,-73.9098037,,1,,1,,1,,,,,,1,1,,,,,,
"Advanced Center for Psychotherapy, Inc.",Advanced Center for Psychotherapy Forest Hills,103-26 68th Road,,QUEENS,11375,718-261-3330,http://jamaicahospital.org/index.php/clinical-services/psychiatry/advanced-center-of-psychotherapy/,40.72530893,-73.84946718,1,1,1,1,,1,,,,,,1,1,1,1,,,,
"ACMH, Inc.",Health Home Care Coordination for People with Mental Illness - Manhattan (Adult),545 8th Avenue,9th Floor,NEW YORK,10018,212-543-0592,http://www.acmhnyc.org/,40.75426811,-73.99196189,1,1,,,1,,,,,,,,,1,,,,,
"Baltic Street AEH, Inc.",Geriatric Peer Advocacy,681 Clarkson Avenue,Building 25,BROOKLYN,11203,718-774-1072,http://www.balticstreet.org/,40.6561839,-73.93780073,,1,,,1,,,,,,,,,,1,,,,
"Baltic Street AEH, Inc.",NetWORKPlus I,25 Flatbush Avenue,2nd Floor,BROOKLYN,11217,718-377-8567,http://www.balticstreet.org/,40.68795882,-73.98026906,,1,,,1,,,,,,,,,1,,,,,
"Baltic Street AEH, Inc.",NetWORKPlus West,1083 McDonald Avenue,,BROOKLYN,11230,718-377-8567,http://www.balticstreet.org/,40.62685379,-73.97640723,,1,,,1,,,,,,,,,1,1,,,,
Berkshire Farm Center and Services for Youth,MICA Network,4419 3rd Avenue,# 3C,NEW YORK,10467,718-220-4247,http://www.berkshirefarm.org/,40.85184593,-73.8930306,1,1,,,1,,,,,,,,1,,,,,,
"Bowery Residents' Committee, Inc.",Health Home Care Coordination for People with Mental Illness - Manhattan (Adult),80 Centre Street Room,200B,NEW YORK,10013,917-749-1737,,40.71544658,-74.00189022,,1,,,,,,,,,,,,1,,,,,
"Center for Urban Community Services, Inc.",Assertive Community Treatment,665 Pelham Pkwy,North Suite 402,BRONX,10467,718-519-8326,http://www.cucs.org/,40.85776087,-73.86916202,,1,,,1,,,,,,,,,1,1,,,,
"Center for Urban Community Services, Inc.",Assisted Competitive Employment,14 East 28th Street,,NEW YORK,10016,212-471-0792,http://www.cucs.org/,40.74429043,-73.98638742,,1,,,1,,,,,,,,,1,1,,,,
"Center for Urban Community Services, Inc.",Outreach - PPOH,198 East 121st Street,,NEW YORK,10035,,http://www.cucs.org/,40.80119211,-73.93783138,,1,,,1,,,,,,,,,1,1,,,,
"Community Association of Progressive Dominicans, Inc.",Audubon Ballroom Youth,513 West 207th Street,,NEW YORK,10034,212-568-4872,http://www.acdp.org/,40.86503651,-73.91949583,,1,,,,,,,,,,1,1,,,,,,
"EAC, Inc.",Court based Intervention and Resource Teams (CIRT) - Bronx,1020 Grand Concourse,,BRONX,10451,718-538-7416,http://www.eacinc.org/,40.82796155,-73.92026698,1,,,,,,,,,,,,,1,,,,,
"EAC, Inc.",Court Based Intervention and Resource Teams (CIRT) - Staten Island,120 Stuyvesant Place,Suite 410,STATEN ISLAND,10301,718-727-9722,http://www.eacinc.org/,40.64299177,-74.0769536,1,,,,,,,,,,,,,1,,,,,
"Fedcap Rehabilitation Services, Inc.",The Chelton Loft,104-106 East 126th Street,Suite 4D,NEW YORK,10035,212-727-4361,,40.80551792,-73.93806574,1,1,,1,,,,,,,,,,1,,,,,
"Fountain House, Inc.",Fountain House Independent Employment Program,425 West 47th Street,,NEW YORK,10036,212-582-0340,http://www.fountainhouse.org/,40.762,-73.99122094,,1,,,1,,,,,,,,1,1,,,,,
"Fountain House, Inc.",Fountain House Bronx Psychosocial Clubhouse,564 Walton Avenue,,BRONX,10451,,http://www.fountainhouse.org/,40.81935927,-73.92811733,,1,,,1,,,,,,,,,1,,,,,
Fund for the City of New York,Court Based Intervention and Resource Teams (CIRT) - Brooklyn,120 Schermerhorn Street,,BROOKLYN,11201,347-401-9076,,40.69007346,-73.98892263,,1,,,1,,,,,,,,,1,,,,,
Goddard-Riverside Community Center,Homeless Assertive Community Treatment,965 Columbus Avenue,,NEW YORK,10025,212-531-2727,http://www.goddard.org/,40.80015144,-73.96219086,,1,,1,,,,,,,,,,1,,,,,
Goddard-Riverside Community Center,TOP Opportunities,577 Columbus Avenue,,NEW YORK,10024,646-505-1088,http://www.goddard.org/,40.78764909,-73.97131263,,1,,,1,,,,,,,,,1,,,,,
AIDS Center of Queens County,Harm Reduction Program,161-21 Jamaica Avenue,,QUEENS,11432,917-670-5687,http://acqc.org/,40.70424899,-73.79792104,1,1,,1,,,,,,1,,,1,1,,,,,
After Hours Project,Harm Reduction Program,1204 Broadway,,BROOKLYN,11221,718-249-0755,http://www.afterhoursproject.org/,40.69210645,-73.92665705,1,1,,,,,1,1,1,1,1,,1,1,1,,1,,
Community Health Action of Staten Island,Harm Reduction Program,56 Bay Street,,STATEN ISLAND,10301,718-808-1300,http://chasiny.org/,40.64062385,,,1,,1,,,1,,,1,1,,,1,1,,,,
BOOM!Health,Harm Reduction Program,226 East 144th Street,,BRONX,10451,718-295-BOOM,http://www.boomhealth.org/,40.81578939,,1,1,,1,1,,,,,1,,,1,1,1,,,,
Family Services Network of New York,Harm Reduction Program,1420 Bushwick Ave,,BROOKLYN,11207,718-455-6010Â ,http://fsnny1.org/,40.68431795,-73.90905584,,1,,1,,,,,,1,,,1,1,,,,,
FROST'D at Harlem United,Harm Reduction Program,306 Lenox Avenue,,NEW YORK,10027,212-924-3733,http://frostd.org/MainPage.html,40.80804672,-73.94527355,,1,,,,,,,,1,,,1,1,,,,,
Housing Works,Harm Reduction Program,130 Crosby St,,NEW YORK,10012,212-966-0466,http://www.housingworks.org/heal/behavioral-health/harm-reduction-center/,40.72474029,-73.9962479,1,1,1,1,,1,1,,1,1,1,,1,1,,,1,,
Lower East Side Harm Reduction Center,Harm Reduction Program,25 Allen Street,,NEW YORK,10002,212-226-6333,,40.71553966,-73.99226236,1,1,,,1,,1,,,1,,,1,1,1,,,,
New York Harm Reduction Educators,Harm Reduction Program,155 E 149th Street,2nd Floor,BRONX,10451,718-842-6050,http://www.nyhre.org/,40.81867009,-73.9277062,1,1,,,1,,1,1,1,1,1,,1,1,1,,1,,
Positive Health Project,Harm Reduction Program,301 W 37 Street,,NEW YORK,10011,212-465-8304,http://www.housingworks.org/heal/,40.75427913,-73.99249969,1,1,,,1,,1,,,1,,,1,1,1,,1,,
St. Ann's Corner of Harm Reduction,Harm Reduction Program,886 Westchester Ave,,BRONX,10459,718-585-5544,http://www.sachr.org/,40.82077333,-73.89945388,1,1,,,1,,,,,,,,1,1,,,,,
Streetwork Project at Safe Horizon,Harm Reduction Program,33 Essex St,,NEW YORK,10002,646-602-6404,http://www.safehorizon.org/page/contact-us-42.html,40.71593195,-73.98957126,1,1,,,1,,1,,,,,,1,,,,,,
VOCAL - NY,Harm Reduction Program,80-A Fourth Ave,,BROOKLYN,11217,718-802-9540,http://www.vocal-ny.org/,40.68210141,-73.979885,1,,1,,,,,,,1,,,1,1,,,,,
Washington Heights Corner Project,Harm Reduction Program,566 West 181st Street,,NEW YORK,10033,212-923-7600,,40.8490271,-73.93305525,1,1,1,1,1,,1,,,1,,,1,1,1,,,,
Harlem East Life Plan (HELP),Outpatient Methadone Clinic/KEEP,2369 2nd Avenue,,New York,10035,212-876-2300-107,http://www.harlemeastlifeplan.com,40.800628,-73.935351,,,1,1,1,1,1,,1,1,1,,1,1,1,,,,
South Beach Addiction Treatment Center,Addiction Inpatient Rehab Program,777 Seaview Avenue,South Beach Psychiatric Ctr Building 3,Staten Island,10305,718-667-5202,http://www.oasas.ny.gov,40.582822,-74.078663,1,1,1,1,1,1,,,,,,,1,1,1,1,,,1
Interfaith Medical Center Inc,Behavioral Hlth Prog for Adults (BHP),1038 Broadway,,Brooklyn,11221,718-613-6210,http://inferfaithmedical.org,40.695264,-73.932714,,1,1,1,1,1,,,,,1,,1,1,1,,,,
Arms Acres Inc,Outpatient Clinic,3584 Jerome Avenue,,Bronx,10467,718-653-1537,http://www.armsacres.com,40.8849523,-73.87952663,1,,1,1,1,1,1,,,,,1,1,1,1,1,,,
Arms Acres Inc,Outpatient Clinic,80-02 Kew Gardens Road,7th Floor,Kew Gardens,11415,718-520-1513,http://www.armsacres.com,40.713723,-73.831054,1,,,1,1,1,,1,,,1,1,1,1,1,1,1,,
Astor Servs for Children and Families,Lawrence F Hickey Center,4010 Dyre Avenue,,Bronx,10466,718-515-3000,,40.890957,-73.830622,,1,,1,1,,,,,,,1,,,,,,,
TRI Center Inc,Drug Abuse Treatment,175 Remsen Street,,Brooklyn,11201,718-858-4050,http://www.tricenter.com,40.69329377,-73.99159637,1,1,,,,,1,1,1,1,1,,1,1,,1,1,,
Lower Eastside Service Center,Short Stay Methadone Residence,7 Gouverneur Slip East,,New York,10002,212-566-7590,http://www.lesc.org,40.710978,-73.983033,1,,1,1,,,,,1,,,,1,1,1,,,1,1
Odyssey House Inc,Leadership Center,309-311 East 6th Street,,New York,10003,212-780-1591,http://www.odysseyhouseinc.org,40.727256,-73.987671,,,1,1,,,,,,,,1,1,1,,,,,1
Community Access,East Village Access,242 East 2nd Street,,New York,10009,212-780-9008-7204,http://communityaccess.org,40.721568,-73.981787,,,1,1,,1,,,,,,,,1,1,,,,
VA NY Harbor Healthcare System,Manhattan Campus,423 East 23rd Street,,New York,10010,212-686-7500,http://www.nyharbor.va.gov/,40.736317,-73.977115,,,,,,1,1,1,,1,,,1,1,1,,1,1,
Ackerman Institute for the Family,,936 Broadway,Floor 2,New York,10010,212-879-4900-122,http://www.ackerman.org/,40.740341,-73.989195,,1,,1,1,1,1,,,1,,1,1,1,1,,,,
Bliss Poston the Second Wind,Chemical Dependency Outpatient,246 5th Avenue,Suite 500,New York,10001,212-481-1055-11,http://www.thesecondwind.com,40.744752,-73.987813,,,1,1,,1,,,,,,,1,1,1,,,,
Institute for Family Health,,16 East 16th Street,,New York,10003,212-633-0800,http://www.institute2000.org,40.736891,-73.991688,1,1,1,1,1,1,1,,1,1,1,1,1,1,1,1,,,
Coney Island Hospital,CD/Dept Behav Health Clinic Component,Hammett Pavillion 422,2601 Ocean Parkway,Brooklyn,11235,718- 616-3000,,40.586007,-73.94186,1,1,1,1,1,1,1,1,1,1,1,,1,1,,1,1,,
Metropolitan Center for Mental Health,,160 West 86th Street,,New York,10024,212-362-8755,,40.787184,-73.974453,,1,1,1,1,1,,,,,,1,1,1,1,1,,,
Metropolitan Center for Mental Health,,336 Central Park West,,New York,10025,212-864-3666,,40.790379,-73.966216,,1,1,1,1,1,,,,,,1,1,1,1,1,,,
Metropolitan Center for Mental Health,,160 West 86th Street,,New York,10024,212-362-8755,,40.787184,-73.974453,,1,1,1,1,1,,,,,,1,1,1,1,1,,,
Metropolitan Center for Mental Health,,336 Central Park West,,New York,10025,212-864-3666,,40.790379,-73.966216,,1,1,1,1,1,,,,,,1,1,1,1,1,,,
JASA,Geriatric Mental Health Outreach Servs,1 Fordham Plaza,Room 908,Bronx,10458,718-365-4044,http://www.jasa.org,40.86064,-73.890228,,1,1,1,1,1,1,1,,1,1,,,,1,1,1,,
Therapeutic Early Childhood Center,Preschool Day Treatment,35 East 110 Street,,New York,10029,212-426-3400,http://www.northsidecenter.org,40.796286,-73.947899,1,1,,1,,,,1,1,1,,1,1,1,1,,1,,
Argus Community Inc,Striver House,202-204 Edgecomb Avenue,,New York,10030,212-690-1900,http://www.arguscommunity.org,40.822512,-73.944052,1,,,1,,1,,,,,,,1,1,1,1,,,1
Astor Servs for Children and Families,,750 Tilden Street,,Bronx,10467,718-231-3400-222,http://www.astorservices.org,40.876531,-73.862786,,1,,1,1,1,1,,,,1,1,1,,,1,1,,
SES Operating Corp/DBA Harlem East,Life Plan Counseling Center,2367-69 2nd Avenue,,New York,10035,212-876-2300,http://www.harlemeastlifeplan.com/,40.800589,-73.935541,,1,1,1,,1,1,1,,1,,,1,1,1,1,1,,
Osborne Treatment Services Inc,Outpt Trt Services El Rio Program,809 Westchester Avenue,,Bronx,10455,718-707-2600,http://www.osborneny.org,40.819252,-73.902936,1,,,1,,1,1,,1,1,1,1,1,1,1,,,,
First Steps to Recovery Inc,CD Outpatient,312 West 47th Street,Ground Floor,New York,10036,212- 397-3711,http://www.firststepstorecovery.com,40.76048576,-73.98780562,1,,,1,,1,1,1,,1,1,,1,1,1,1,1,,
Joan and Sanford I Weill Med College,Midtown Ctr for Trt and Research OP,56 West 45th Street,9th Floor,New York,10036,212-764-5178-11,http://www.midtowntreatmentcenter.org,40.756166,-73.981877,1,1,,1,1,1,,1,,1,,,1,1,1,,1,,
Richmond University Medical Center,Behavioral Health,355 Bard Avenue,,Staten Island,10310,718-818-6300,http://www.rumcsi.org,40.635877,-74.105557,,,1,1,,1,,,,1,,1,1,1,1,,,1,
Richmond University Medical Center,Behavioral Health,75 Vanderbilt Avenue,Bayley Seton Campus,Staten Island,10304,718-818-5692,,40.622576,-74.075613,,1,1,1,,1,,,,1,,1,1,1,,,,1,
VA NY Harbor Healthcare System,Staten Island Community Clinic,1150 South Avenue,Suite 301,Staten Island,10314,718-761-2973,,40.610434,-74.177799,,,1,1,,1,,1,,1,,,1,1,1,,1,,
Astor Servs for Children and Families,Highbridge Clinic,1419 Shakespeare Avenue,First Floor,Bronx,10452,718-732-7080,http://www.astorservices.org,40.842562,-73.921155,,,,1,1,1,,,,,,1,1,,,1,,,
Morris Heights Health Center,Walton Avenue,25 East 183rd Street,,Bronx,10453,718-839-8900-3333,http://www.mhhc.org,40.858653,-73.902921,,1,1,1,1,1,1,,,1,1,1,1,1,1,1,,,
Morris Heights Health Center,Harrison Circle,57 West Burnside Avenue,Level B-1,Bronx,10453,718-839-8900-333,http://www.mhhc.org,40.854328,-73.909616,,1,1,1,1,1,1,,,1,1,1,1,1,1,1,,,
Postgraduate Center for MH Inc,PROS,1775 Grand Concourse Street,Floor 8,Bronx,10453,212-560-6757,http://www.pgcmh.org,40.851587,-73.915407,1,1,1,1,,,,,,,,,1,1,1,,,,
Services for the UnderServed,SUS/Wellness Works Mental Hlth Clinic,1125 Fulton Street,2nd Floor,Brooklyn,11238,347-226-9025,http://www.sus.org,40.681565,-73.956668,,1,1,1,,1,1,1,,,1,,,1,1,,1,,
Odyssey House Inc,Family ReEntry Program,1328 Clinton Avenue,,Bronx,10456,718-378-8995,http://www.odysseyhouseinc.org,40.83200125,-73.9002221,1,,1,1,1,1,,,,,,1,1,1,1,,,,1
Astor Servs for Children and Families,Astor Day Treatment Program,4330 Byron Avenue,,Bronx,10466,718-324-7526,http://www.astorservices.org/,40.895746,-73.853926,,,1,1,1,,,,,,,1,,,,1,,,
TRI Center Inc,Drug Abuse Treatment/New York,2488 Grand Concourse Street,,Bronx,10458,718- 584-7204,http://www.tricenter.com,40.86213605,-73.89713486,1,1,1,1,1,1,1,1,1,1,1,,1,1,,,1,,
Montefiore Medical Center,North Division/Inpatient Psych Unit,600 East 233rd Street,7 South,Bronx,10466,718-920-9826,http://www.montefiore.org,40.893753,-73.861124,1,1,1,1,1,1,,,,,,,1,1,1,1,,1,
Jewish Board of Family/Childrens Servs,Harry Blumenfeld Counseling/Pelham,750 Astor Avenue,,Bronx,10467,718-882-5000-220,,40.859307,-73.865273,,1,1,1,1,1,,,,,1,1,1,1,1,,,,
Astor Servs for Children and Families,,750 Tilden Street,,Bronx,10467,718-231-3400-222,http://www.astorservices.org,40.876531,-73.862786,,1,,1,1,1,1,,,,1,1,1,,,1,1,,
Odyssey House Inc,Lafayette Program,1264 Lafayette Avenue,,Bronx,10459,718-378-8671,http://www.OdysseyHouseinc.org,40.816356,-73.888475,,,1,1,1,1,,,,,,1,1,1,1,,,,1
Brooklyn Center for,Families in Crisis,1309-1311 Foster Avenue,,Brooklyn,11230,718-282-0010,,40.633668,-73.964444,1,1,1,,,1,,,,,,1,1,1,1,1,,,
Saint Johns Episcopal Hospital,,327 Beach 19th Street,,Far Rockaway,11691,718-869-7248,http://www.ehs.org/,40.598001,-73.752973,,1,1,1,,1,,,,,,1,1,1,1,1,,1,
Shiloh Consulting LLC,,214 West 29th Street,Suite 703,New York,10001,212-564-7631,,40.748077,-73.994027,,1,1,1,1,1,,,,,,,1,1,1,,,,
Greenwich House Inc,Senior Citizens Hlth/Consultation Ctr,27 Barrow Street,,New York,10014,212-242-1762,http://www.greenwichhouse.org,40.732377,-74.003152,,,1,1,,1,1,1,,,,,,,1,,1,,
HANAC Inc,HANAC 822/Chem Dependency Program,3114 30th Avenue,,Astoria,11102,(718) 204-1200,http://www.HANAC.org,40.767009,-73.9217,1,,,1,1,1,1,1,1,1,1,,1,1,1,1,1,,
New York Harbor Healthcare System,Brooklyn Campus SATP,800 Poly Place,,Brooklyn,11209,718- 836-6600,,40.609875,-74.027264,,,,,,1,,1,,1,1,,1,1,1,1,1,1,
Neighborhood Counseling Center Inc,Dyker Heights Clinic,7701 13th Avenue,,Brooklyn,11228,718-232-1351,,40.618939,-74.008558,,,1,1,1,1,,,,,,1,1,1,1,1,,,
Dynamic Youth Community Inc,Community Residence,1830 Coney Island Avenue,,Brooklyn,11230,718-376-7923,http://www.dycinc.org,40.612794,-73.963239,1,,,1,1,,,,,,,,1,1,,,,,1
New York Therapeutic Communities Inc,,162-24 Jamaica Avenue,,Jamaica,11432,212-971-6033,http://www.staynout.org,40.704361,-73.797556,1,,1,1,1,1,,,,,,,1,1,,1,,,
Interfaith Medical Center,MMTP,882 Bergen Street,,Brooklyn,11238,718-613-7511,http://www.interfaithmedical.org,40.67725649,-73.95812845,1,1,1,1,1,1,,,,,,,1,1,1,,,,
Asian Community Alcohol Counseling,Asian American Mental Health,39-01 Main Street,Suite 508,Flushing,11354,718-445-0111,,40.760122,-73.830181,,,,,1,1,,,,,,1,1,1,1,,,,
Elmcor Youth and Adult Activities Inc,Residential,107-20 Northern Boulevard,,Corona,11368,718-651-0096-202,http://www.Elmcor.org,40.757747,-73.861609,1,1,,1,1,1,,,,1,1,,1,1,1,,,,1
Bleuler Psychotherapy Center Inc,,104-70 Queens Boulevard,,Forest Hills,11375,718-275-6010,,40.722963,-73.848364,1,1,1,1,1,1,,,,,,1,1,1,1,,,,
AIDS Center of Queens County Inc,ACQC,161-21 Jamaica Avenue,6th and 7th Floors,Jamaica,11432,718-896-2500,http://www.acqc.org/,40.704219,-73.797974,,,1,1,,1,1,,,1,,,1,1,1,1,,,
Queens Village Comm for MH for,JCAP Inc,116-30 Sutphin Boulevard,,Jamaica,11434,718-322-2500-619,http://www.jcapprorams.com,40.681947,-73.792813,1,,1,1,,1,,1,,1,1,,1,1,,1,1,,1
Visiting Nurse Service of New York,Friends Clinic,489-493 East 153rd Street,,Bronx,10455,718-742-7000,,40.81844,-73.913821,,1,,1,,1,1,,,,,1,1,1,1,1,,,
Interborough Developmental and,Consultation Ctr/Crown Heights Clinic,921 East New York Avenue,,Brooklyn,11203,718-778-0485,http://www.interborough.org,40.662654,-73.933181,,1,1,1,1,1,,,,,1,1,1,1,1,1,,,
Bronx Addiction Treatment Center,CD Inpatient Rehab Program,1500 Waters Place,Building 13,Bronx,10461,718-904-0026,http://www.oasas.ny.gov/atc/bronx/index.cfm,40.8452928,-73.84079263,1,1,,1,1,1,1,1,1,,1,,,1,1,1,1,,1
Jewish Board of Family/Childrens Servs,Boro Park Counseling Center,1273 53rd Street,,Brooklyn,11219,718-435-5700,,40.633017,-73.994805,,1,1,1,1,1,,,,,,1,1,1,1,,,,
RUMC Silberstein Clinic Med Sup OP,,427 Forest Avenue,,Staten Island,10301,718-876-2362,http://www.rumcsi.org,40.63081803,-74.10359098,1,,1,1,,1,1,1,,1,1,,1,1,1,1,1,,
START Treatment and Recovery Centers,Fort Greene Clinic OTP,937 Fulton Street,2nd and 3rd Floors,Brooklyn,11238,718-789-1212,http://www.startny.org,40.683511,-73.965609,1,,1,1,,1,,,,1,,,1,1,,1,,,
First Steps to Recovery Inc,Outpatient Chemical Dependency Clinic,2990 Brighton 12th Street,Suite 1-F,Brooklyn,11235,212-397-3711,http://www.firststepstorecovery.com,40.580162,-73.956775,1,,,1,,1,,,,,,,1,1,,,,,
Greenwich House Inc,Greenwich House Childrens Safety Proj,27 Barrow Street,2nd Floor,New York,10014,212-242-4140-237,http://www.greenwichhouse.org,40.732377,-74.003152,,1,1,1,1,1,,,,,,1,1,,1,,,,
BGR Services CD OP,DBA The PAC Program of Brooklyn,7 Debevoise Street,2nd Floor,Brooklyn,11206,718-388-5950,http://www.thepacprogram.com,40.701429,-73.943098,1,1,1,1,1,1,,,,,,1,,1,,1,,,
Staten Island University Hospital,(SIUH) North Site Outpatient MH Clinic,450 Seaview Avenue,,Staten Island,10305,718-226-9000-8911,,40.584023,-74.087798,,1,1,1,,1,,,,,,,,1,1,,,,
Transitional Services for New York Inc,PROS Program,90-27 Sutphin Boulevard,5th Floor,Jamaica,11435,718-526-8400-7137,http://www.tsiny.org,40.702048,-73.808017,,,,1,,,,,,,,,1,1,1,,,,
Blanton Peale Counseling Center,Blanton Peale Institute,7-9 West 30th Street,,New York,10001,212-725-7850,http://blantonpeale.org,40.746473,-73.987097,,1,1,1,1,1,1,1,,,1,,1,1,1,1,1,,
Harlem Bay Network PROS,,116 East 124th Street,,New York,10035,212-876-6083,http://www.mha-nyc.org,40.803977,-73.938796,,,1,1,1,,1,,,,1,,,1,1,,,,
New York City Childrens Center,Queens Mid Childhood Clinic at PS 169,110 East 88th Street,PS 169,New York,10128,212-987-2010,http://omh.ny.gov,40.780971,-73.955277,,1,,1,1,,,,,,,1,1,,,1,,,
Faith Mission,Crisis Center Inc,114-40 Van Wyck Expressway,,South Ozone Park,11420,718-322-3455,http://www.fmacc.org,40.681676,-73.805988,1,,,,,,,,,,1,,1,1,,,,,1
Metropolitan Center for Mental Health,,160 West 86th Street,,New York,10024,212-362-8755,,40.787184,-73.974453,,1,1,1,1,1,,,,,,1,1,1,1,1,,,
Metropolitan Center for Mental Health,,336 Central Park West,,New York,10025,212-864-3666,,40.790379,-73.966216,,1,1,1,1,1,,,,,,1,1,1,1,1,,,
Promesa Inc,CD Outpatient Treatment (CDOP),1776 Clay Avenue,,Bronx,10457,718-960-7503,http://www.acacianetwork.org,40.846171,-73.904316,,,1,1,1,1,1,1,1,1,1,,1,1,1,,1,,
Fortune Society Inc,,29-76 Northern Boulevard,,Long Island City,11101,212-691-7554,http://www.fortunesociety.org,40.750423,-73.935093,,,1,1,,1,,,,1,,,,1,1,1,,,
Argus Community Inc,Adult Resocialization Unit,507 West 145th Street,,New York,10031,212-234-1660,http://www.arguscommunity.org,40.825773,-73.948157,1,,1,,1,1,,,,,,,,1,,,,,
Jewish Board of Family/Childrens Servs,Crown Heights Counseling Center,1055 St Johns Place,,Brooklyn,11213,718-773-2080,,40.671424,-73.943004,,,1,1,1,1,,,,,,1,1,1,1,1,,,
Amethyst House Inc,CD Community Residence,280 Richmond Terrace,,Staten Island,10301,718-448-1900,,40.647617,-74.082614,1,,1,1,1,1,,,,,,,1,1,,,,,1
Odyssey House Inc,Outpatient Services,953 Southern Boulevard,Suite 301,Bronx,10459,718-860-2994,http://www.odysseyhouseinc.org,40.821011,-73.891589,,,1,1,1,1,,,1,,,1,1,1,1,,,,
New York Therapeutic Communities Inc,,162-24 Jamaica Avenue,,Jamaica,11432,212-971-6033,http://www.staynout.org,40.704361,-73.797556,1,,1,1,1,1,,,,,,,1,1,,1,,,
Shiloh Consulting LLC,,214 West 29th Street,Suite 703,New York,10001,212-564-7631,,40.748077,-73.994027,,1,1,1,1,1,,,,,,,1,1,1,,,,
Greenwich House Inc,Chemical Dependency Program,122 West 27th Street,6th Floor,New York,10001,212-691-2900-273,http://www.greenwichhouse.org,40.745659,-73.99235,1,,,1,1,1,1,1,1,1,1,,1,1,1,1,1,,
Greenwich House Inc,Greenwich House East OTP,190 Mercer Street,4th Floor,New York,10012,212-677-3400,http://www.greenwichhouse.org,40.726197,-73.997144,1,1,1,1,1,1,1,1,1,1,1,,1,1,1,,1,,
League School,,567 Kingston Avenue,,Brooklyn,11203,718-498-2500,http://www.leaguetreatmentcenter.org,40.65964,-73.941894,,1,,1,1,1,,,,,,1,1,1,1,,,,
Epilepsy Institute,DBA Epilepsy Foundation Counseling Ctr,65 Broadway Street,5th Floor Suite 505,New York,10006,212-677-8550-14,http://www.efmny.org,40.707203,-74.012444,,1,1,1,,1,,,,,,,1,1,1,,,,
Asian Community Alcohol Counseling,Asian American Mental Health,39-01 Main Street,Suite 508,Flushing,11354,718-445-0111,,40.760122,-73.830181,,,,,1,1,,,,,,1,1,1,1,,,,
Bridge Back to Life Center Inc,,1688 Victory Boulevard,,Staten Island,10314,718-447-5700,http://www.bridgebacktolife.com,40.6132303,-74.12009272,1,,1,1,1,1,1,1,1,1,1,,1,1,1,1,1,,
Bridge Back to Life Center Inc,,175 Remsen Street,10th Floor Suite 1010,Brooklyn,11201,718-852-5552,http://www.bridgebacktolife.com,40.693404,-73.991547,1,,1,1,1,1,1,1,,1,1,,1,1,1,,1,,
Bridge Back to Life Center Inc,,3044 Coney Island Avenue,3rd Floor,Brooklyn,11235,718-265-4200-113,http://www.bridgebacktolife.com,40.582129,-73.96032,1,,1,1,1,1,,,,,,,1,1,1,1,,,
Success Counseling Servs,CD Outpt Servs,1015-1017 Ogden Avenue,,Bronx,10452,718-538-6112,http://www.success-counseling.com,40.833461,-73.929307,,,1,1,1,,1,1,,1,1,,1,1,1,1,1,,
NYC/HHC Queens Hospital Center,Queens Hosp Ctr Child Adolescent OPD,82-68 164 Street,P315,Jamaica,11432,718-883-2700,,40.717246,-73.80347,,1,1,1,1,1,,,,,,1,,,,,,,
Brooklyn Hospital Center,9B Detox Unit,121 Dekalb Avenue,,Brooklyn,11201,718-250-8900,http://www.mytbh.com,40.689886,-73.977705,1,,1,1,1,1,1,1,1,1,1,,1,1,1,1,1,1,
Saint Barnabas Hospital,Inpatient Detox,4422 3rd Avenue,,Bronx,10457,718-960-6636,http://www.stbarnabashospital.org/,40.807749,-73.929633,1,,1,1,,1,1,1,,1,,,1,1,,1,1,1,
Jewish Board of Family/Childrens Servs,Pride of Judea Counseling Center,243-02 Northern Boulevard,,Little Neck,11362,718-423-6200,http://www.jbfcs.org/programs-services/counseling-services/list-programs/,40.765224,-73.7427,,1,1,1,1,1,,,,,,1,1,1,1,,,,
Center for Hearing and Communications,,50 Broadway,Floor 6,New York,10004,917-305-7793,http://chchearing.org,40.706441,-74.012651,,1,1,1,1,1,1,1,1,1,,1,1,1,1,1,1,,
Interfaith Medical Center Inc,Behavioral Health Services,1545 Atlantic Avenue,,Brooklyn,11213,718-613-4000x4120,http://interfaithmedical.org,40.678211,-73.937578,,1,1,1,,1,1,1,,1,,,1,1,1,,1,1,
HELP MMTP Clinic Unit II OTP,,2367-2369 2nd Avenue,1st and 2nd Floors,New York,10035,(212) 876-2300,http://www.harlemeastlifeplan.com,40.800674,-73.935513,1,1,1,1,1,1,1,1,1,1,,1,1,1,1,,1,,
ACI,,255 West 36th Street,8th Floor,New York,10016,212-378-4545,http://www.acirehab.org,40.746241,-73.975321,,,1,,,1,,,,,,,1,1,1,1,,,
AHRC Healthcare Inc,Outpatient Chemical Dependency Program,83 Maiden Lane,6th Floor,New York,10038,212-780-2747,http://www.accesschc.org,40.707546,-74.007344,1,1,1,1,1,1,,,1,1,1,,1,1,1,1,,,
Addicts Rehabilitation Center Fund Inc,Addicts Residential Rehabilitation IR,1881 Park Avenue,,New York,10035,212-427-1342,http://www.addictsrehabfund.org,40.806955,-73.937196,1,,1,1,1,1,1,1,,1,1,,1,1,,,1,,1
Addicts Rehabilitation Center Fund Inc,Addicts Residential Rehabilitation IR1,2015-25 Madison Avenue,,New York,10035,212-427-6960,http://www.arcfoundationinc.org,40.807724,-73.938813,1,,1,1,1,1,1,1,,1,1,,1,1,,,1,,1
Advanced Center for Psychotherapy Inc,Adv Ctr Psychotherapy Jamaica Esates,178-10 Wexford Terrace,,Jamaica,11432,718-658-1123,,40.712856,-73.785093,,1,1,1,,1,,,,,,1,1,1,1,1,,,
Advanced Human Services Inc,Chemical Dependency Outpatient Program,112-115 72nd Road,Basement,Forest Hills,11375,718-261-3437,http://www.advancedhumanservices.com,40.716105,-73.843092,1,,,1,,,,1,,,1,,,1,1,1,1,,
Alpha School Center OP,,2400 Linden Boulevard,,Brooklyn,11208,718-257-5800,http://www.helppsi.com,40.665061,-73.8744,1,,1,1,1,1,,,,,,,1,1,1,1,,,
Anchor House Inc,Mens Facility,1041 Bergen Street,,Brooklyn,11216,718-771-0760,http://www.anchorhousenyc.org,40.676333,-73.951913,1,,,,1,,,1,,,,,1,1,1,1,1,,1
Anchor House Inc,Womens Facility,976 Park Place,,Brooklyn,11213,718-771-0760,,40.672888,-73.945254,1,,,,,,1,,1,1,1,,1,1,,,,,1
Argus Community Inc,Harbor House II MICA,760 East 160th Street,,Bronx,10456,718-401-5700-5788,http://www.arguscommunity.org,40.820432,-73.904758,1,,1,1,1,1,,,,1,,1,1,1,1,,,,1
Argus Community Inc,Harbor House MICA Treatment Program,402 East 156th Street,,Bronx,10455,718-993-2376-7157,http://www.arguscommunity.org,40.82080657,-73.9155149,,,1,1,1,1,,,,,,,,1,,,,,1
Assertive Community Treatment Team,,1795 Lexington Avenue,,New York,10029,212-289-1788,,40.795784,-73.943589,,,,1,,1,,,,,,,1,1,1,,,,
Association to Benefit Children,Childrens Mobile Mental Health Clinic,1841 Park Avenue,,New York,10035,646-459-6165,http://www.a-b-c.org/,40.805641,-73.938107,,1,1,1,1,1,,,,,1,1,1,,,,,,
August Aichhorn Center,Adolecent Residential Care Inc,23 West 106th Street,,New York,10025,212-316-9353,http://www.aichhorn.org,40.798783,-73.961044,,1,,1,,,,,,,,1,,,,,,1,1
Bailey House Inc,Mental Health Clinic,1751 Park Avenue,3rd Floor,New York,10035,212-289-6008,http://www.baileyhouse.org,40.802488,-73.94067,,1,1,1,1,1,1,,,1,1,,1,1,1,1,1,,
Bellevue Hospital Center,Department of Psychiatry,462 1st Avenue,,New York,10016,212-562-4601,,40.738619,-73.975273,1,1,1,1,1,1,1,1,1,1,1,,1,1,1,1,1,1,
Bellevue Hospital Center,Detoxification Service/20 South,462 1st Avenue,,New York,10016,212-562-4623,,40.739378,-73.975625,1,,1,1,1,1,,,,,,,,1,1,1,,1,
Beth Israel Medical Center,MMTP Clinic,26 Avenue A,,New York,10009,212-420-2078,http://www.wehealny.org,40.723128,-73.985332,1,,,1,1,,,,,,,,1,1,1,,,,
Beth Israel Medical Center,MMTP Clinic 1,1825 Park Avenue,8th Floor,New York,10035,212-774-3210,http://www.wehealny.org,40.80492297,-73.93890146,,,1,1,1,1,,,1,,,,1,1,1,,,,
Beth Israel Medical Center,MMTP Clinic 1E,429 2nd Avenue,1st Floor,New York,10010,212-726-6800,,40.739149,-73.980275,1,,1,1,1,,,,,,,,,1,,,,,
Beth Israel Medical Center,MMTP Clinic 2,103 East 125th Street,4th Floor,New York,10035,212-774-3200,http://www.wehealny.org,40.805146,-73.938492,1,1,,1,1,1,1,,1,1,1,,1,1,1,,,,
Beth Israel Medical Center,MMTP Clinic 3G,429 2nd Avenue,3rd Floor,New York,10010,212-726-6823,http://www.wehealny.org,40.739149,-73.980275,1,,1,1,1,1,,,,,,1,1,1,1,,,,
Beth Israel Medical Center,MMTP Clinic 6/7,1825 Park Avenue,2nd Floor,New York,10035,212-774-3260,http://www.wehealny.org,40.805075,-73.938805,,,1,1,1,1,,,1,,,,1,1,1,,,,
Beth Israel Medical Center,MMTP Clinic 8,132 West 125th Street,6th Floor,New York,10027,212-636-4865,http://www.wehealny.org/services/bi_mmtp/index.html,40.808262,-73.947241,1,,,1,1,1,,,,,,,1,1,1,,,,
Beth Israel Medical Center,MMTP Cumberland Clinic,100 Flatbush Avenue,,Brooklyn,11217,718-237-9600,http://www.mmtp.org,40.685723,-73.978826,1,,1,1,1,1,,,,,,,1,1,,,,,
Beverley Mack Harry Consulting Svs Inc,Family Access to Counseling Eval Servs,738 Crown Street,Floor 1,Brooklyn,11213,718-363-0100,http://www.bmhtherapy.org/,40.66505,-73.933196,,1,1,1,1,1,,,1,,1,1,1,1,1,1,,,
Bohan Denton Flatlands Guidance Center,,2037 Utica Avenue,2nd Floor,Brooklyn,11234,718-377-5755,http://ccbq.org,40.622116,-73.926859,,1,1,1,1,1,,,,,1,1,1,1,1,1,,,
Bridge Back to Life Center Inc,Outpatient Services,500 8th Avenue,Suite 906,New York,10018,212-679-4960,http://www.bridgebacktolife.com,40.753045,-73.992397,1,,1,1,1,1,1,1,1,1,1,,1,1,,,1,,
Bridge Inc,Clinical Treatment Programs,248 West 108th Street,,New York,10025,212-663-3000,,40.802448,-73.967013,,,1,1,,1,,1,1,,,,1,1,1,,1,,
Bridge Inc,East House,538 East 6th Street,,New York,10009,212-260-0950,,40.724518,-73.982309,,,1,1,,1,,1,1,,,,1,1,1,,1,,1
Bridge Inc,Old Broadway House,551 West 125th Street,,New York,10027,212-663-0211,,40.815014,-73.957313,1,1,1,1,1,,,,,,,,,1,1,,,,1
Bridge Inc,Rita Berger House,248 West 108th Street,,New York,10025,212-663-3000,http://thebridgeny.org,40.802448,-73.967013,,,1,1,,1,,1,1,,,,1,1,1,,1,,1
Bridging Access to Care Inc,Bridge to Recovery,260 Broadway,4th Floor,Brooklyn,11213,347-505-5120,http://www.batf.net,40.708693,-73.95957,,1,1,1,1,1,,,,1,,,1,1,1,1,,,
Bronx Lebanon Hospital Center,Community Residence,1285 Fulton Avenue,,Bronx,10456,718-518-3700-3733,http://www.bronxcare.org,40.832127,-73.903936,1,1,1,1,1,1,,,,,,,1,1,1,,,,1
Bronx Provider Consumer Alliance,Resource Ctr/Mental Health Programs,1500 Waters Places,Parker Building Room 212,Bronx,10461,718-862-3347,,40.847502,-73.84168,,,,,1,,,1,,,,,1,1,,,1,,
Bronx Psychiatric Center,ACT Team,3050 White Plains Road,2nd Floor,Bronx,10467,718-944-7053,,40.870344,-73.86719,,1,1,1,,1,,,,,,,1,1,1,1,,,
Bronx/Lebanon Hospital Center,Childrens Services,406 East 176th Street,,Bronx,10457,718-901-6888,http://www.bronx-leb.org/,40.846532,-73.901104,,1,1,1,1,1,1,,,1,,1,,,,1,,,
Bronx/Lebanon Hospital Center,Inpatient Psychiatric Unit,1265 Franklin Avenue,,Bronx,10456,718-579-7385,http://www.Bronxcare.org/,40.831154,-73.903041,,1,1,1,1,1,1,,,1,,1,1,1,1,1,,1,
Bronx/Lebanon Hospital Center,Outpatient 2,401 East 167th Street,2nd Floor,Bronx,10456,718-579-7385,,40.830711,-73.910307,,,1,1,1,1,,,,,,,1,1,1,1,,,
Bronx/Lebanon Hospital Center,Psychiatric Inpatient Service,1265 Franklin Avenue,,Bronx,10456,718-579-7385,http://www.bronxlebanon.org/,40.831154,-73.903041,,1,1,1,1,1,,,,,,1,1,1,1,1,,1,
Brookdale Hospital Medical Center,CMHC Adult Clinic,1 Brookdale Plaza,12th Floor,Brooklyn,11212,718-240-5644,,40.654277,-73.912414,,1,1,1,1,1,,,1,1,1,1,1,1,1,1,,,
Brooklyn Bureau of Community Services,Metro Club PROS,25 Chapel Street,,Brooklyn,11201,718-596-8960,http://www.wearebcs.org,40.697327,-73.986135,,,1,1,1,1,,,,,,,1,1,1,,,,
Brooklyn Center for,Psychotherapy Inc,300 Flatbush Avenue,,Brooklyn,11217,718-622-2000,http://www.bcp300.com/,40.678226,-73.973604,,1,,1,1,1,,,,,,1,1,1,1,1,,,
Brooklyn Community Services,,285 Schermerhorn Street,,Brooklyn,11217,718-310-5752,http://www.wearebcs.org,40.687811,-73.982692,,,1,1,1,,,,,,1,,1,1,1,,,,
Brownsville Community Development Corp,Brownsville Community Residential Ctr,657-663 East 98th Street,,Brooklyn,11212,718-345-8605,,40.653686,-73.909928,1,,1,1,1,1,,,,1,1,,,1,1,,,,1
CCNS Flatbush Addiction,Treatment Center,1463 Flatbush Avenue,,Brooklyn,11210,718-951-9009,http://www.ccbq.org,40.634721,-73.949628,1,,,1,1,1,,,,,,,,1,1,1,,,
Callen Lorde Community Health Center,Mental Health Clinic,356 West 18th Street,,New York,10011,212-271-7200,http://www.callen-lorde.org,40.742986,-74.003163,,,1,1,1,1,1,,,1,1,1,1,1,1,1,,,
Camelot of Staten Island Inc,CD Outpatient Program,263 Port Richmond Avenue,,Staten Island,10302,718-981-8117,http://www.camelotcounseling.com,40.634883,-74.135406,1,,1,1,1,1,,,,,,,1,1,1,1,,,
Camelot of Staten Island Inc,Drug Free Residential,460 Brielle Avenue,Building H,Staten Island,10314,718-816-6589,http://www.camelotcounseling.com,40.593841,-74.135256,1,,,1,1,,,,,1,,,1,1,1,,,,1
Canarsie Aware,Outpatient Treatment,1285 Rockaway Avenue,,Brooklyn,11236,718-257-3195-206,,40.648124,-73.904802,,1,,1,1,,,,1,,1,,,1,1,,,,
Carnegie Hill Institute Inc,Substance Abuse Treatment,116 East 92nd Street,,New York,10128,212-289-7166,http://www.carnegiehill.com,40.783481,-73.953819,,,,1,,1,1,1,,1,1,,1,1,1,,1,,
Catholic Charities Neighborhood Servs,Rockaway Mental Health Services,1847 Mott Avenue,,Far Rockaway,11691,718-337-6800,,40.603255,-73.751432,,1,1,1,1,1,,,,,,1,1,1,1,1,,,
Charles Waldo MaClean Espiscopal,Nursing Home,17-11 Brook Haven Avenue,,Far Rockaway,11691,718-869-8004,,40.600464,-73.752093,,1,1,1,1,1,,,,,,,,1,1,1,,,1
Child Center of NY Inc,Jamaica Clinic,Ground Floor,2nd Floor,Jamaica,11432,718-657-7100,http://www.childcenter.org,40.705064,-73.798413,,1,,1,1,1,1,,,1,1,1,1,,,,,,
Child Center of NY Inc,Prevention Program,8956 162nd Street,3rd Floor,Jamaica,11432,718-297-8000-229,http://www.childcenterny.org/,40.705064,-73.798413,1,,,1,1,1,1,,,1,1,1,1,1,1,1,,,
Child Center of NY Inc,South Jamaica Clinic,115-15 Sutphin Boulevard,,Jamaica,11434,718-659-4000-0,http://www.childcenterny.org/,40.684485,-73.79228,1,,,1,1,1,,,,,1,1,1,1,,,,,
Child Center of NY Inc,The Asian Outreach Program OP,81-14 Queens Boulevard,Ground Floor,Elmhurst,11373,718-899-9810-200,http://www.childcenterny.org,40.737222,-73.881749,,,,1,1,1,,,,,,1,,,,1,,,
Child Center of NY Inc,The Asian Outreach Program OP,81-14 Queens Boulevard,,Elmhurst,11373,718-899-9810x200,http://www.childcenterny.org,40.737222,-73.881749,,,,1,1,1,,,,,,1,,,,1,,,
Child Center of NY Inc,The Child Center of NY/Flushing Clinic,140-15B Sanford Avenue,Floor 2,Flushing,11355,718-358-8288x209,http://www.childcenterny.org,40.758474,-73.822133,,1,,1,1,1,,,,,1,1,1,1,,1,,,
Child Center of NY Inc,Woodside Clinic,6714 41st Avenue,,Woodside,11377,718-458-4243-100,,40.744277,-73.897211,,1,,1,1,1,1,,,1,,1,1,,,1,,,
Childrens Aid Society,(CAS) School Based Clinic IS 218,4600 Broadway,IS218,New York,10040,212-569-2859,http://childrensaidsociety.org,40.86082,-73.930066,,1,,1,,,1,,,,1,1,1,,,,,,
Childrens Aid Society Inc,Dunlevy Milbank Center,14-32 West 118th Street,,New York,10026,212-369-8339,,40.802378,-73.946823,,,1,1,,1,1,,,,,1,1,,,,1,,
Community Health Action of,Staten Island,56 Bay Street,6th Floor,Staten Island,10301,718-808-1439,http://www.chasiny.org,40.6407423,-74.07575113,1,1,,1,1,1,1,,1,1,,1,1,1,1,,1,,
Counseling Services of EDNY,,175 Remsen Street,Suite 900,Brooklyn,11201,718-858-6631,http://www.csedny.org,40.693496,-73.99137,1,1,1,1,,1,,,,,,,1,1,1,1,,,
Counseling Services of NY LLC/CD OP,,911 Walton Avenue,Suite 1-B,Bronx,10452,718-590-1790,http://csofny.com,40.82833,-73.92381,1,,,1,1,1,1,1,,1,1,,1,1,1,,1,,
Creedmoor Addiction Treatment Center,Addiction Inpatient Rehab Program,80-45 Winchester Boulevard,Building 19-CBU-15,Queens Village,11427,718-264-3740,http://www.oasas.ny.gov/atc/creedmoor/index.cfm,40.741499,-73.730402,1,1,1,1,1,1,1,1,,,,,1,1,1,1,1,,1
Cumberland Diagnostic and Trt Center,Division of Psychiatry,100 North Portland Avenue,,Brooklyn,11205,718-260-7640,http://www.hhc.org,40.69491936,-73.97615332,1,,1,1,1,1,,,1,1,1,,1,1,1,1,,,
Cumberland Diagnostic/Treatment Center,Psychiatry Department,100 North Portland Avenue,,Brooklyn,11205,,,40.695075,-73.97656,1,1,1,1,1,1,,,1,1,1,,1,1,1,1,,,
Cyler House Behavioral Health Clinic,Housing Works Mental Health Clinic,743-749 East 9th Street,,New York,10009,212-677-7999-4202,http://www.housingworks.org,40.724584,-73.97603,,1,1,1,,1,1,,,,,,1,1,1,,,,
Elmhurst Hospital Center,Alcoholism Outpatient Clinic,7901 Broadway,Comm Medical Ctr H Bldg Room H3-117,Elmhurst,11373,718-334-3987,,40.744621,-73.8862,1,,1,1,,1,,,1,1,1,,1,1,,1,,,
Elmhurst Hospital Center,Opiate Dependency Treatment Services,7901 Broadway,Annex O 2nd Floor Elmhurst Hospital,Elmhurst,11373,718-334-3190,,40.743913,-73.884905,1,,1,1,,1,,,1,1,1,,1,1,,1,,,
Elmhurst Hospital Center,,7901 Broadway Street,,Elmhurst,11373,718-334-4000,,40.733798,-73.872167,,,1,1,,1,,,,,,1,1,1,1,,,1,
Episcopal Health Services Inc,Saint Johns Episcopal Hosp Day Trt Prg,19-08 Brookhaven Avenue,Saint Johns Community Mental Health,Far Rockaway,11691,718-869-8400,,40.59931,-73.752784,,1,1,1,,,,,,,,,1,1,1,,,,
Esperanza Basic PROS,,915 Westchester Avenue,,Bronx,10457,646-224-9300x6303,,40.822187,-73.898259,,1,1,1,,,,,,,,,1,1,1,1,,,
Exponents Inc,Outpatient Drug Abuse Clinic,2 Washington Street,4th Floor,New York,10004,212-243-3434,http://www.exponents.org,40.70566,-74.015563,1,,,1,1,,,,,1,1,,1,1,1,,,,
FEDCAP Rehabilitation Services Inc,FEDCAP Behavioral Health Servivces,1011 Washington Avenue,,Bronx,10456,718-585-4205,http://www.fedcap.org,40.826407,-73.909949,,1,1,1,,1,,1,,,,,1,1,1,,1,,
FEGS,Hon Caroline K Simon CCs/Bronx Clinic,3600 Jerome Avenue,,Bronx,10467,718-881-7600,http://www.fegs.org,40.885588,-73.878889,,1,1,1,,,,,,,,1,1,1,1,1,,,
FEGS,South Bronx Counseling Center,412-424 East 147th Street,4th Floor,Bronx,10455,646-393-9680,http://fegs.org,40.814123,-73.917403,1,1,1,1,1,,1,,,,,1,1,1,1,1,,,
Federation Employment Guidance Service,Hon Caroline K Simon CCs/Rego Park Cl,97-77 Queens Boulevard,,Rego Park,11374,718-896-9090,http://www.fegs.org,40.729156,-73.858442,,1,1,1,1,1,,,,,,1,1,1,1,,,,
Federation Employment/Guidance Servs,FEGS Burnside Residence,265 East Burnside Avenue,,Bronx,10457,718-583-7589,http://www.fegs.org,40.851593,-73.902068,,1,,,,,,,,,,,,1,1,,,,1
Fifth Avenue Counseling Center Inc,,50 West 23rd Street,9th Floor,New York,10010,212-989-2990,http://www.tfacc.org,40.742214,-73.991797,,1,1,1,1,1,,,1,,1,1,1,1,1,1,,,
Fordham/Tremont CMHC,,2021 Grand Concourse,Suite 710,Bronx,10453,718-960-3348,http://www.fordhamtremont.org/,40.851957,-73.904595,1,1,1,1,,1,,1,,,,1,1,1,1,1,1,,
Fordham/Tremont CMHC,,260 East 188th Street,Floors 2 and 4,Bronx,10458,718-960-3348,,40.860745,-73.895899,1,1,1,1,,1,,,,,,1,1,1,1,,,,
Fountain House Inc,Wanaque Residence,425 W. 47th Street,,New York,10036,212-582-0340,,40.761597,-73.989769,,1,1,1,,,,,,,,,1,1,1,,,,1
Franklin House IR,,1064 Franklin Avenue,1st - 5th Floors,Bronx,10456,718-764-1541,http://www.acacianetwork.org,40.82692,-73.906899,1,,,,1,1,,,1,1,,,1,1,1,,,,1
Freedom Institute Inc,Alcoholism Outpatient Clinic,515 Madison Avenue,21st Floor,New York,10022,212-838-0044,http://www.freedominstitute.org,40.759619,-73.973941,1,,,,,1,,,,,,1,1,1,,,,,
Goodwill Industries of Greater NY,PROS Rebound,421 27th Avenue,,Astoria,11102,718-777-6311,http://www.goodwillnynj.org/,40.77432,-73.93286,1,1,1,1,1,1,1,1,1,1,1,,,1,1,,1,,
Gracie Square Hospital Inc,Inpatient Dual Focus,420 East 76th Street,,New York,10021,212-988-4400,http://www.nygsh.org,40.769782,-73.952854,,1,1,1,1,1,,,,1,1,,1,1,1,1,,1,
Graham/Windham Servs Families Children,Manhattan Mental Health Center,274 West 145th Street,Floor 2,New York,10039,212-368-4100 x7120,http://graham-windham.org,40.822637,-73.941405,,1,,1,1,1,,,,,,1,1,,,,1,,
Greenhope Services for Women Inc IR,,435-439 East 119th Street,1st-8th Floors,New York,10035,212-996-8633-1701,http://www.greenhope.org,40.797437,-73.932589,1,1,1,,1,1,1,1,1,1,1,,,1,1,1,1,,1
HELP PSI Inc,,803 Sterling Place,,Brooklyn,11216,718-681-8700-6204,http://www.helppsi.org,40.672721,-73.951751,1,1,1,1,1,1,1,,1,1,1,1,1,1,1,,,,
HELP/PSI Services Corporation,Bronx Health Center,1543-1545 Inwood Avenue,,Bronx,10452,718-681-8700,http://www.helppsi.org,40.844161,-73.916634,1,1,1,1,1,1,1,,1,1,1,1,1,1,1,,,,
HHC/Bellevue Hospital,CD/OP Clinic,462 1st Avenue and 27th Street,Administration Bldg 2nd Floor Room 201,New York,10016,212-562-4487,http://www.med.nyu.edu/substanceabuse,40.739396,-73.976695,1,1,1,1,1,1,1,1,1,1,1,,1,1,1,1,1,,
HHC/Bellevue Hospital,Opiate Treatment Program,462 1st Avenue and 27th Street,Administration Building 4th Floor,New York,10016,212-562-3201,,40.739418,-73.9767,1,1,1,1,1,1,1,1,1,1,1,,1,1,1,1,1,,
HHC/Metropolitan Hospital Center,Medically Managed Detoxification Unit,1901 1st Avenue,Ward 6 South,New York,10029,212-423-7121,http://www.nychhc.org,40.785195,-73.946274,1,1,1,1,1,1,1,,1,1,1,,1,1,1,1,,1,
Hamilton Madison House Inc,Asian American Behavioral Health Servs,253 South Street,,New York,10002,212-720-4520,http://www.hamiltonmadisonhouse.org/,40.71015,-73.990403,,,1,1,,1,,,,,,1,1,1,1,1,,,
Hands Across Long Island,Jamaica PROS,163-18 Jamaica Avenue,Suite 601,Jamaica,11432,718-206-0888,http://www.hali88.org,40.704787,-73.796335,,,,1,,1,1,,,1,,,1,1,1,,,,
Harlem East Life Plan (HELP),Alcoholism Outpatient Clinic,2367-69 2nd Avenue,1st and 3rd Floors,New York,10035,212-876-2300,http://www.harlemeastlifeplan.com,40.800532,-73.935394,1,,,1,,,,,1,,1,1,1,1,,,,,
Harlem Hospital Center,Behavioral Health,506 Lenox Avenue,,New York,10037,212-939-1000,,40.814764,-73.940296,,1,1,1,,1,1,1,,1,,,1,1,1,1,1,1,
Harlem Hospital Center,Chem Dep Med Supervised Detox Unit,506 Lenox Avenue 135th Street,9TH FLOOR,New York,10037,212-939-3150,http://www.ci.nyc.ny.us/html/hhc/home.html,40.812167,-73.936246,1,,1,1,1,1,,,,,,,1,1,1,1,,1,
Harlem Hospital Center,Chemical Dependency Outpatient Service,22-44 West 137th Street,Women Pavillion Bldg (WP BLDG) 4th Fl,New York,10037,212-939-3030,http://www.nyc.gov/html/hhc/html/facilities/harlem.shtml,40.814896,-73.938703,1,,1,1,1,1,,,,,,,1,1,1,1,,,
Hazelden/New York OP,,322 8th Avenue,12th Floor,New York,10001,212-420-9520,http://www.hazeldenbettyford.org/treatment/locations/chelsea,40.747253,-73.996689,1,,,,1,1,,,,,,,1,1,1,,,,
Housing Plus Solutions Inc,,755 Liberty Avenue,,Brooklyn,11208,347-529-2403,,40.676773,-73.881738,1,1,,,,,,1,,1,1,,1,1,1,,1,,
Hudson Guild Counseling Service,Hudson Guild Paula B Balser Csl Servs,441 West 26th Street,,New York,10001,212-760-9822,http://www.hudsonguild.org,40.749481,-74.001582,,1,1,1,1,1,,,,,,1,1,1,1,1,,,
ICL Inc,Halsey House,1225 Halsey Street,,Brooklyn,11237,718-386-9224,http://www.iclinc.net,40.693699,-73.907745,1,1,1,1,1,,1,1,1,1,1,1,1,1,1,,1,,1
ICL Walit,,415-417  State Street,Suite 417,Brooklyn,11217,718-625-4635,http://www.iclinc.org,40.686927,-73.982527,1,1,1,1,1,,1,1,1,1,1,1,1,1,1,,1,,1
Institute for Community Living Inc,Central Brooklyn ACT Team,2384 Atlantic Avenue,Fourth Floor,Brooklyn,11233,718-495-0920-20607,http://iclinc.org,40.675724,-73.90581,,1,1,1,,1,,,,,,,1,1,1,1,,,
Institute for Community Living Inc,Child and Family Division Services,2581 Atlantic Avenue,,Brooklyn,11207,718-290-8100,http://iclinc.net,40.675848,-73.899109,1,1,1,1,1,,1,,,,,1,1,1,1,,,,
Institute for Community Living Inc,ICL Rockaway Parkway Center,1310 Rockaway Parkway,,Brooklyn,11236,718-272-3000,http://www.iclinc.net/,40.631437,-73.887138,,1,1,1,1,,,,,,,1,1,1,1,1,,,
Institute for Community Living Inc,Lewis Avenue,44 Lewis Avenue,,Brooklyn,11206,718-452-6714-37001,,40.696385,-73.938032,1,1,1,1,1,1,1,1,1,1,1,,1,1,1,,1,,1
Institute for Community Living Inc,PROS,2384 Atlantic Avenue,,Brooklyn,11233,718-272-6074-2154,http://iclinc.net,40.675724,-73.90581,,1,1,1,,,,,,,,,1,1,1,,,,
Institute for Family Health,Center for Counseling at North General,1824 Madison Avenue,,New York,10035,212-423-4200,http://www.institute2000.org,40.80326,-73.941698,1,1,1,1,1,1,1,,,1,1,1,1,1,1,1,,,
Inter Care Ltd,Chemical Dependency Outpatient,51 East 25th Street,Lower Level,New York,10010,212-532-0303,http://www.inter-care.com,40.7417847,-73.98627566,1,,,1,1,1,1,,1,1,,,1,1,1,,,,
Interborough Developmental and,Consultation Center Inc,1623 Kings Highway,,Brooklyn,11229,718-375-1200,http://www.interborough.org,40.609704,-73.95674,,1,1,1,,1,1,1,,1,,1,1,1,1,1,1,,
Interborough Developmental and,Consultation Ctr Inc/Canarsie Csl Ctr,9413 Flatlands Avenue,,Brooklyn,11236,718-272-1600,http://www.interborough.org,40.642495,-73.903076,,1,1,1,1,1,,,,,,1,1,1,1,1,,,
Interborough Develpomental and,Consultation Ctr/Williamsburg Clinic,790 Broadway,,Brooklyn,11211,718-388-5176,http://www.interborough.org,40.711981,-73.940661,1,1,1,1,1,1,,,,,,1,1,1,1,1,,,
Interfaith Medical Center,Chemical Dependency Outpatient Servs,1545 Atlantic Avenue,3rd Floor,Brooklyn,11213,718-613-4450,http://www.interfaithmedical.com,40.67789511,-73.93749444,1,1,1,1,1,1,,,,,,,1,1,1,1,,,
Interfaith Medical Center,Substance Abuse Rehabilitation,1545 Atlantic Avenue,,Brooklyn,11206,718-613-4330,http://www.interfaithmedical.com,40.678221,-73.937553,1,1,1,1,1,1,,,,,,,1,1,1,,,1,
Interline EAP Program OP,,148-41 Hillside Avenue,Suite A,Jamaica,11435,718-206-1368,http://www.interlinetreatment.com,40.706599,-73.807667,1,,,1,1,1,,,,,1,,1,1,1,,,,
Inwood Community Services Inc OP,,651 Academy Street,3rd Floor,New York,10034,212-942-0043x132,http://www.inwoodcs.org,40.866027,-73.924709,1,1,1,1,1,1,,,,,,1,1,1,1,1,,,
JBFCS,Dr Eugene D Glynn/Manhattan North Cnty,5030 Broadway,Suite 201,New York,10034,212-795-9888,,40.868961,-73.916703,1,1,1,1,1,1,1,1,1,1,1,1,1,1,1,1,1,,
Jewish Board of Family/Childrens Servs,Bay Ridge Counseling Center,9201 Fourth Avenue,2nd Floor,Brooklyn,11209,718-238-6444,,40.617715,-74.036577,1,1,1,1,1,1,,,,,,1,1,1,1,1,,,
Jewish Board of Family/Childrens Servs,Brooklyn REAL PROS,2020 Coney Island Avenue,,Brooklyn,11223,718-676-4260,http://www.jbfcs.org/programs.php?id=329,40.608036,-73.962354,,1,,1,1,,,,,,,,1,1,1,,,,
Jewish Board of Family/Childrens Servs,Child Development and Learning Ctr,34 West 139th Street,Ground Floor,New York,10037,212-690-7234,,40.815591,-73.937049,,1,,1,1,1,,,,,,1,,,,1,,,
Jewish Board of Family/Childrens Servs,Coney Island REAL PROS,2928 West 36th Street,2nd Floor,Brooklyn,11224,718-372-3300-840202,http://jbfcs.org,40.574336,-74.001837,,1,1,1,1,1,1,,,,,1,1,1,1,1,,,
Jewish Board of Family/Childrens Servs,Manhattan Day Treatment Center,610 East 12th Street,,New York,10009,212-375-0163,http://jbfcs.org,40.727726,-73.978382,,1,,1,1,,,,,,1,1,,,,,,,
Jewish Board of Family/Childrens Servs,West Side School Day Treatment,317 West 52nd Street,,New York,10019,212-757-1207,http://jbfcs.org,40.763893,-73.9858,,1,,1,,,,,,,,1,1,1,,,,,
John David Center,Serendipity 1- Mens Rehabilitation,2071 Fulton Street,,Brooklyn,11233,718-398-0096,http://www.staynout.org,40.678556,-73.910118,1,1,1,1,,,1,1,,,1,,1,1,1,,1,,1
LI Jewish Med Ctr Zucker Hillside Div,VESID Supported Employment,20507 Hillside Avenue,Suites 20-23,Hollis,11423,718-264-1789-10107,,40.721298,-73.759822,,1,1,1,1,1,,,,,,,1,1,1,,,,
LIGHTHOUSE GUILD,,15 West 65th Street,,New York,10023,212-769-6263,http://lighthouseguild.org,40.772534,-73.980382,,1,1,1,,1,,,,,,,1,1,1,1,,,
League School,Joan Fenichel Therapeutic Nursery,470 Vanderbilt Avenue,3rd Floor,Brooklyn,11238,718-643-5300,http://www.leaguecenter.org,40.683077,-73.96802,,1,,1,1,1,,,,,,1,1,1,1,,,,
Lenox Hill Hospital,Behavioral Health,100 East 77th Street,8Uris,New York,10075,212-434-2000,http://www.lenoxhillhospital.org/,40.773881,-73.960774,,1,1,1,1,1,,,,,,1,1,1,1,1,,1,
Lexington Center for,Mental Health Services Inc,26-26 75th Street,,East Elmhurst,11370,718-350-3143,http://www.lexnyc.org,40.761463,-73.893538,,1,1,1,1,1,1,,,,,1,1,1,1,1,,,
Lifespire Inc,Lifespire Span Clinic Treatment Prog,18410 Jamaica Avenue,5th Floor,Hollis,11423,718-454-6940,,40.7089,-73.774585,,1,1,,,,,,,,,,1,1,1,1,,,
Lincoln Medical and MH Center,Lincoln Recovery Center,545 East 142nd Street,,Bronx,10454,718-579-4004,,40.810161,-73.915898,1,,1,1,1,1,,,,,,,1,1,1,1,,,
Lower Eastside Serv Ctr SuCasa M IR,,7 Gouverneur Slip East,,New York,10002,212-566-3513,http://www.lesc.org,40.710978,-73.983033,1,,1,1,,1,,,1,,,,1,1,1,,,,1
Lower Eastside Service Center,Clinic III OTP 1,46 East Broadway,4th and 5th Floors,New York,10002,212-343-3551,http://www.lesc.org,40.713815,-73.995871,1,,,1,1,,1,,,,,,1,1,,,,,
Lutheran Medical Center,,6025 60th Street,1st Floor,Brooklyn,11220,718-630-7991,http://www.lutheranhealthcare.org,40.638817,-74.015061,,1,1,1,1,1,,,1,1,1,1,1,1,1,1,,,
MONTEFIORE WELLNESS AT MELROSE,,260 East 161st Street,Level B,Bronx,10451,718-993-3397,http://www.einstein.yu.edu/departments/psychiatry-behavioral-sciences/dosa.aspx?id=4708,40.825606,-73.91897,1,,,1,1,1,,,1,1,,,1,1,,1,,,
MORRIS L BLACK,,2795 Richmond Avenue,,Staten Island,10314,718-761-9800,http://www.jbfcs.org,40.577122,-74.171593,,1,1,1,,1,,,,,,1,1,1,1,1,,,
Metropolitan Center for Mental Health,CD/OP Clinic/Families/Ind in Recovery,1090 Saint Nicholas Avenue,Corner of West 165th Street 1st Floor,New York,10032,212-543-0777,http://www.metropolitancenter.com,40.838127,-73.939478,,,1,1,1,1,,,,,,1,1,1,1,1,,,
Montefiore Medical Center,Child and Adolescent Outpatient,3340 Bainbridge Avenue,,Bronx,10467,718-920-4653,,40.879072,-73.878746,,1,,1,1,,,,,,,1,1,,,1,,,
Montefiore Medical Center,Wakefield Div Child Psyc Clinic,4141 Carpenter Avenue,,Bronx,10466,718-920-9394,,40.891864,-73.86166,,1,1,,1,1,,,,,,1,1,,,,,,
Montefiore Wakefield Division,Montefiore Wakefield MH Clinic,4401 Bronx Boulevard,,Bronx,10470,718-304-7000,http://www.montefiore.org,40.900594,-73.857643,,,1,1,1,1,,1,1,,,,1,1,,1,1,,
Mount Sinai,Addiction Institute of NY OTP,1000 10th Avenue,Suite 8C-02,New York,10019,212-523-6491,http://www.addictioninstituteny.org,40.769732,-73.98732,1,,1,1,1,1,1,,,1,,,1,1,1,1,1,1,
Mount Sinai,Ctr for Intensive Trt of Person Dis,1000 10th Avenue,6th Floor,New York,10019,212-523-7590,,40.769971,-73.987281,,,1,1,,1,1,1,,1,,1,1,1,1,1,1,1,
Mount Sinai,The Addiction Institute/Outpt Clinic,1000 10th Avenue,Winston Building 8th Floor,New York,10019,212-523-6491,http://WWW.AddictionInstituteNY.org,40.769732,-73.98732,1,,1,1,,1,1,,,,,,,1,,,,,
Mount Sinai Medical Center,Adoles Health Ctr/Mental Hlth Clinic,312 East 94th Street,Suite 320,New York,10128,212-423-2900,,40.782606,-73.94724,,,1,,1,1,1,1,1,1,,1,1,1,,1,1,,
Mount Sinai Medical Center,Child & Adolescent and Family Services,1 Gustave L Levy Place,Box 1228,New York,10029,212-241-7175,,40.790058,-73.95386,,1,,1,1,1,1,,,,,1,1,1,,1,,,
Mount Sinai Medical Center,Psychiatric Continuing Day Treatment,1 Gustave L Levy Place,Box 1268,New York,10029,212-241-6111,,40.790058,-73.95386,1,1,1,1,,,,,,,,,1,1,1,,,,
Mount Sinai West,Addiction Institute/Halfway House,306 West 102nd Street,,New York,10025,212-678-6329,http://www.addictioninstituteny.org,40.79914463,-73.97049109,1,,,,,,,,,,,,1,1,1,,,,1
Mount Sinai West,The Addiction Institute of NY/Day Trt,411 West 114th Street,4th FLoor,New York,10025,212-280-0100,http://www.AddictionInstituteNY.org,40.8053,-73.960917,1,1,1,1,,1,,,,,,,1,1,1,,,,
Mount Sinai West,The Addiction Institute of NY/OP,411 West 114th Street,4th Floor,New York,10025,212-280-0100,http://www.AddictionInstituteNY.org,40.8053,-73.960917,1,1,1,1,,1,,,,,,,1,1,1,,,,
NY Psychotherapy Counseling,Sanford Home for Adults Clinic,140-40 Sanford Avenue,,Flushing,11355,718-939-7160,http://www.nypcc.org,40.757298,-73.825586,,1,1,1,1,,,,,,,,,1,1,,,,
NY Psychotherapy Counseling Sanford,Surf Manor,2316 Surf Avenue,,Brooklyn,11224,718-946-1919,http://www.nypcc.org,40.573521,-73.990102,,1,1,1,1,,,,,,,,1,1,1,,,,
NYC/HHC Bellevue Hospital Center,ACT Program,462 First Avenue,Buildings C and D 2nd Floor,New York,10016,212-562-4734,,40.739378,-73.975625,1,1,1,1,1,1,1,1,1,1,1,,1,1,1,1,1,,
NYC/HHC Bellevue Hospital Center,partial hospital program,462 First Avenue,,New York,10016,212-562-8959,http://www.nychhc.org/bellevue,40.738619,-73.975273,,1,,1,1,1,,,,,,1,,,,1,,1,
NYC/HHC Harlem Hospital Center,CSS Program/Womens Pavillion Room 332,16 West 137th Street,Womens Pavilion 3rd Floor,New York,10037,212-939-3212,,40.814322,-73.937337,,,1,1,1,1,1,1,1,1,1,,1,1,1,1,1,,
NYC/HHC Queens Hospital Center,Chemical Dependency Program,82-68 164th Street,,Jamaica,11432,718-883-4170,,40.717145,-73.803488,,1,1,1,1,1,,,,1,,,1,1,1,1,,1,
NYC/HHC Queens Hospital Center,Queens Hospital Center Adult MH Clinic,82-68 164th Street,Pavilion 3rd Floor Suite 332,Jamaica,11432,718-883-2710,,40.717415,-73.804067,,1,1,1,1,1,,,,,,,1,1,1,,,,
NYC/HHC Woodhull Medical MH Ctr,,760 Broadway,,Brooklyn,11206,718-963-8337,,40.699474,-73.942794,,,1,1,1,1,1,,1,1,1,,1,1,1,1,1,1,
Narco Freedom Inc,Methadone Maintenance Trt Prog (MMTP),561 Court Street,,Brooklyn,11231,718-802-1111,http://www.narcofreedom.com,40.673364,-73.999954,,,,1,,,,,,,1,,1,1,1,,,,
Narco Freedom Inc/New Beginnings,Community Counseling Center,2780 3rd Avenue,,Bronx,10455,718-665-2456,http://narcofreedom.com,40.814915,-73.919385,,1,1,1,1,1,,,,,,1,1,1,1,1,,,
Neighborhood Coalition for Shelter Inc,NCS Outpatient Services,921-923 Madison Avenue,Basement,New York,10021,917-677-0723,http://www.ncsinc.org,40.772546,-73.964467,1,,,1,,,,,,,,,1,1,1,1,,,
New Directions Alcohol and,Substance Abuse Treatment Program,500 Atlantic Avenue,,Brooklyn,11217,718-398-0800,http://www.newdirectionsbrooklyn.com,40.681376,-73.975718,,,1,1,,1,,,,,1,1,1,1,1,,,,
New Horizon Counseling Center,,10819 Rockaway Boulevard,,South Ozone Park,11420,718-845-2620,,40.674538,-73.803285,,1,1,1,1,1,,,,,,1,1,1,1,,,,
New Horizon Counseling Center Inc,Central Avenue Clinic,1622 Central Avenue,,Far Rockaway,11691,718-327-9001,,40.604919,-73.75257,,1,1,1,,1,,,,1,1,1,1,1,1,1,,,
New Horizon Counseling Center Inc,NH Counseling/Far Rockaway Clinic,720 Beach 20th Street,Ground Floor,Far Rockaway,11691,718-327-7002,http://www.nhcc.us,40.5995,-73.75407,,1,1,1,1,1,,,,,,1,1,1,1,1,,,
New Spirit II Inc,Outpatient Chem Dep Program,16204 South Road,,Jamaica,11433,718-291-4844,http://www.jcapprograms.org,40.699237,-73.794123,1,,1,1,1,1,,,,,,,1,1,1,,,,
New York Center Addiction Treatment OP,,598 Broadway,2nd Floor,New York,10012,212-966-9537,http://www.nycats.net,40.725184,-73.996942,1,,,1,,1,,,,,1,,1,1,1,,,,
New York Center for Living Inc,Center for Living Spec OP Mobile,224-226 East 52nd Street,,New York,10022,212-712-8819,http://www.centerforliving.org,40.756422,-73.968828,,,,,1,1,,,,,,1,1,,,,,,
New York Center for Living Inc,OP Youth,226 East 52nd Street,,New York,10022,212-712-8800,http://www.centerforliving.org,40.756582,-73.968685,,,,,,1,,,,,,1,1,,,,,,
New York City Childrens Center,Day Treatment Center,1819 Bergen Street,,Brooklyn,11233,718-613-3100,http://omh.ny.gov,40.67489,-73.920695,,1,1,1,1,1,,,,,1,1,1,1,,,,,
New York Foundling Hospital,Mental Health Clinic,2090 Adam Clayton Powell Jr Boulevard,Suite 780,New York,10027,917-485-7280,http://www.nyfoundling.org,40.808758,-73.94891,,,,1,1,1,,,,,,1,1,1,1,,,,
New York Foundling Hospital,Pathway Program,2090 Adam Clayton Powell Jr Boulevard,7th floor,New York,10027,917-485-0201,http://www.nyfoundling.org/program/substance-abuse-treatment-services,40.808812,-73.949043,1,,1,1,1,1,,,,,1,,1,1,1,,,,
New York Gracie Square Hospital Inc,Inpatient Unit,420 East 76th Street,2nd-5th Floors,New York,10021,212-988-4400,http://www.nygsh.org,40.769753,-73.952979,,1,1,1,1,1,,,,1,1,,1,1,1,1,,1,
New York Presbyterian Hospital,Methadone Treatment Clinic,503 East 70th Street,,New York,10021,212-746-1252,http://www.nyp.org,40.765503,-73.954264,1,,1,1,,1,1,1,1,1,,,1,1,1,1,1,,
New York Presbyterian Hospital,School Based Clinic PS 145,150 West 105th Street,Room 306,New York,10025,212-678-2857,http://www.nyp.org,40.799179,-73.965156,,1,1,1,1,1,1,,,,,1,1,,,1,1,,
New York Presbyterian Hospital,School Based Clinic PS 173,306 4th Washington Avenue,Room 364,New York,10033,212-927-7850,http://www.nyp.org,40.84562,-73.939738,,1,,1,,1,1,,,,,1,,,,1,1,,
New York Presbyterian Hospital,School Based Clinic PS 187,349 Cabrini Boulevard,Room 263,New York,10040,212-927-8218,http://www.nyp.org,40.856349,-73.937357,,1,1,1,1,1,1,,,,,1,1,,,1,1,,
New York Presbyterian Hospital,School Based Clinic PS 46,2987 8th Avenue,Room 310,New York,10039,212-690-5911,http://www.nyp.org,40.831382,-73.936343,,1,1,1,1,1,1,,,,,1,1,,,1,1,,
New York Presbyterian Hospital,Weill Cornell Center Inpatient Program,525 East 68th Street,,New York,10065,212-746-5454,http://www.NYP.org\psychiatry,40.764295,-73.955296,,,1,1,1,1,,,,,,1,1,1,1,1,,1,
New York Presbyterian Hospital,,635 West 165th Street,,New York,10032,212-342-4700,,40.840341,-73.942551,1,1,1,1,1,1,,,1,1,1,,1,1,1,,1,,
New York Psychiatric Institute,,1051 Riverside Drive,,New York,10032,646-774-5000,,40.842406,-73.944125,,,,,1,,,,,1,,1,1,1,1,,,1,
New York Psychotherapy Counseling Ctr,NYPCC Queens Adult Home Clinic Trt,8020 45th Avenue,,Elmhurst,11373,718-478-2900,http://www.nypcc.org,40.741254,-73.883939,,1,1,1,,,,,,,1,,,1,1,,,,
New York Service Network OP,,198 Foster Avenue,Suites C and D,Brooklyn,11230,718-666-1009,http://www.newyorkservicenetworkinc.com,40.627824,-73.975389,,,1,1,1,1,,1,1,,1,,1,1,1,1,1,,
New York Therapeutic,Serendipity II,944 Bedford Avenue,,Brooklyn,11205,718-802-0572 23,http://www.staynout.org,40.69249806,-73.95569007,,,1,1,1,1,,,1,1,1,,1,1,1,,,,1
New York Therapeutic Communities Inc,NYC DOP/CD Outpatient Clinic,2071 Fulton Street,,Brooklyn,11233,347-770-8650-206,http://www.staynout.org,40.678556,-73.910118,1,,1,1,1,,,,,,,,1,1,1,1,,,
New York Therapeutic Communities Inc,Probation Ambulatory Program/Queens,162-24 Jamaica Avenue,Lower Level,Jamaica,11435,718-657-2021,http://www.staynout.org,40.704325,-73.796957,1,,,1,1,1,,,,,,,1,1,1,,,,
New York University Medical Center,Psychiatric Department,1st Park Avenue,,New York,10016,212-263-7419,http://psych.med.nyu.edu/patient-care/inpatient-services,40.743345,-73.974079,,1,,1,,1,,1,1,,,,,1,1,1,1,1,
North Central Bronx Hospital,Psychiatric Outpatient Department,3424 Kossuth Avenue,,Bronx,10467,718-519-3440,,40.880814,-73.881404,,,1,1,1,1,1,1,,1,,,,1,1,1,1,1,
North Crown Heights Family Outreach OP,,705-707 Franklin Avenue,,Brooklyn,11238,718-230-8600-101,,40.674478,-73.95658,,,1,1,,1,,,,,,,1,1,,1,,,
Northside Center for Child Development,,35 East 110 Street,,New York,10029,212-426-3400,,40.796286,-73.947899,,1,,1,1,,,,,,,1,1,1,,,,,
Odyssey House Inc,Manor Adults,219 East 121st Street,,New York,10035,212-987-5120,http://www.Odysseyhouseinc.org,40.800883,-73.936481,,,,1,,,,,,,,,1,1,1,,,,1
Odyssey House Inc,Manor Family Center Program,219 East 121st Street,,New York,10035,212-987-5128,http://www.odysseyhouseinc.org,40.800883,-73.936481,1,1,1,1,1,,,,1,1,1,,,1,1,,,,1
Ohel Childrens Home Family Servs Inc,Female Residence,5211 Fort Hamilton Parkway,,Brooklyn,11219,718-972-1377,,40.636548,-73.999863,,1,1,1,,,,,,,,,,1,,,,,1
Ohel Childrens Home Family Servs Inc,Ohel Tikvah Clinic,2925 Kings Highway,Suite A,Brooklyn,11229,718-382-0045,http://ohelfamily.org,40.616254,-73.945283,,1,1,1,1,1,,,,,1,1,1,1,1,,,,
One World Counseling LLC,,1670 East 17th Street,3rd Floor,Brooklyn,11229,718-233-2533-1,http://www.oneworldcounseling.org,40.608945,-73.956715,,,,1,,1,,1,1,,1,,1,1,1,1,1,,
Outreach Development Corp OP 2,,960 Manhattan Avenue,2nd and 3rd Floor,Brooklyn,11222,718-383-7200,http://www.opiny.org,40.73206,-73.954233,,,1,1,1,1,1,,,1,1,1,1,1,1,1,,,
Outreach Development IR,,1614 Weirfield Street,,Ridgewood,11385,718-456-7820,http://www.opiny.org,40.700103,-73.905692,,,,,,1,,,,,,1,,,,,,,1
Outreach Outpatient Services (OOS),Medically Supervised Subst Abuse Prog,11711 Myrtle Avenue,,Richmond Hill,11418,718-849-6300,http://www.opiny.org,40.700275,-73.832012,,,,1,1,1,1,,1,1,1,1,1,1,1,1,1,,
PSCH Inc,Westchester Square Mental Hlth Clinic,2510 Westchester Avenue,2nd Floor,Bronx,10461,718-824-2790,http://www.psch.org,40.839247,-73.843407,1,1,1,1,1,1,1,,1,1,1,1,1,1,1,1,,,
Paul J Cooper Center for Human Servs,Drug Abuse Outpt Rehab Clinic,510 Gates Avenue,2nd Floor,Brooklyn,11216,718-346-5900-210,http://www.pauljcooper.org,40.686542,-73.945431,1,,1,1,,,,,1,1,1,,1,1,1,1,1,,
Payne Whitney Manhattan/CDTP,,425 East 61st Street,PH 13,New York,10065,212-821-0883,http://www.nyp.org,40.760468,-73.959247,,1,1,1,,,,,,,,,1,1,,,,,
Phoenix House,Prospect Place Community Residence,174 Prospect Place,,Brooklyn,11238,718-789-4616,http://www.phoenixhouse.org,40.677966,-73.971037,1,1,1,1,,1,,1,,,,,,1,,1,1,,1
Phoenix House,RTC/Long Island City/Queens,34-25 Vernon Boulevard,,Long Island City,11101,718-726-8484-3554,http://www.phoenixhouse.org,40.764901,-73.94054,,,,1,1,,1,1,1,,1,,1,1,1,,1,,1
Phoenix House Jack Aron Center,Riverside Community Residential,164 West 74th Street,,New York,10023,212-595-5810,http://www.phoenixhouse.org,40.77955,-73.980238,1,1,1,1,,1,,1,,,,,1,1,,,1,,1
Pibly Residential Programs Inc,Pibly Supp HsgBronx NY/NY II ComServs,2415 Westchester Avenue,,Bronx,10461,718-863-4100-,http://www.pibly.org,40.837525,-73.846037,,1,,1,1,1,,,,,,,1,1,1,,,,
Pibly Residential Programs Inc,Rosebud Residence,514 Concord Avenue,,Bronx,10455,718-292-3514-801,,40.81206,-73.908226,,,1,1,1,,,,,,,,,1,1,,,,1
Project Hospitality Inc,Crisis Services Medically Monitored,75 Vanderbilt Avenue,,Staten Island,10310,718-444-3293,,40.622576,-74.075613,1,,,,1,,,1,,,,,,1,1,,1,,1
Project Renewal,CD/OP Crisis 50 Med Super,8 East 3rd Street,,New York,10003,212-533-8400,,40.725833,-73.991007,1,,1,1,1,,,,,,,,1,1,1,1,,,1
Project Renewal,Medically Monitored Crisis Service,8 East 3rd Street,4th Floor,New York,10003,212-533-8400-138,http://www.projectrenewal.org,40.725923,-73.990742,1,,1,1,1,,,,,,,,1,1,1,,,,1
Project Renewal,Recovery Center/Outpt Chem Dep Clinic,8 East 3rd Street,,New York,10003,212-533-8400x153,http://www.projectrenewal.org,40.725833,-73.991007,1,,1,1,1,,,,,,,,1,1,1,,,,
Promesa Inc,MTA Outpatient,1776 Clay Avenue,,Bronx,10457,718-299-1100-7599,http://www.promesa.org,40.846171,-73.904316,,,1,1,1,1,1,1,1,1,1,,1,1,1,,1,,
Promesa Inc,Residential Drug Treatment Prog Adult,1776 Clay Avenue,,Bronx,10457,718-299-1100,http://www.acacianetwork.org,40.846173,-73.904288,,,1,1,1,1,1,1,1,1,1,,1,1,1,,1,,1
Puerto Rican Family Institute Inc,Manhattan Mental Health Clinic,145 West 15th Street,5th Floor,New York,10011,212-229-6905,http://www.prfi.org,40.739036,-73.997874,,1,1,1,,1,,1,,,,1,1,1,,1,1,,
Queens Cnty Neuropsychiatric Institute,Institute,3764 72nd Street,,Jackson Heights,11372,718-335-3434,http://mental-health-facilities.healthgrove.com,40.746828,-73.893911,1,1,1,1,,,,,,,,1,1,1,1,,,,
Reality House Veterans CR,,813 Astoria Boulevard,,Astoria,11102,212-281-6004,http://www.realityhouseny.com,40.772747,-73.931841,1,,1,1,1,1,1,1,,1,1,,1,1,1,,1,,1
Realization Center Inc OP 1,,175 Remsen Street,2nd Floor,Brooklyn,11201,718-342-6700,http://www.realizationcenternyc.com,40.693496,-73.99137,1,1,,1,,1,,,,,,1,,1,,,1,,
Realization Center Inc/Licensed Outpt,Addictions Treatment Program,19 Union Square West,7th Floor,New York,10003,212-627-9600,http://www.realizationcenternyc.com,40.736119,-73.989441,1,1,,1,,1,1,1,,,,1,,1,,,1,,
Richmond Medical Ctr DBA Richmond UMC,West Brighton Clinic,690 Castleton Avenue,,Staten Island,10310,718-876-4040,http://www.rumcsi.org,40.63449,-74.105791,,1,1,1,,1,,,,,,,1,1,1,1,,,
Riverdale Mental Health Assoc (RMHA),Community Residence,640 West 232nd Street,,Bronx,10463,718-884-2900,http://rmha.org/parachute,40.884509,-73.914328,,1,1,1,,1,1,1,,1,,,1,1,1,1,1,,1
Riverdale Mental Health Assoc Inc,CD Outpatient,5676 Riverdale Avenue,,Bronx,10471,718-796-5300,http://www.rmha.org,40.906261,-73.903697,1,1,1,1,1,1,,,,,,1,1,1,1,,,,
SAFE Foundation OP,,255 Avenue W,,Brooklyn,11223,866-569-7233-315,http://www.thesafefoundation.org,40.592559,-73.973576,1,,1,1,,1,,,,,1,,1,1,1,,,,
SCAN/NY Making Choices Treatment Ctr,Chemical Dependency Outpatient,1377 Jerome Avenue,,Bronx,10452,212-289-8030,http://www.scanny.org,40.839932,-73.918453,1,1,,1,1,1,,,1,,1,1,1,1,,1,,,
SES Operating Corporation,Harlem East Life Plan Unit II,2367-69 Second Avenue,,New York,10035,212-876-2300,http://www.harlemeastlifeplan.com,40.800532,-73.935394,,,1,,1,,1,,1,1,1,,1,1,,,,,
SUS Briarwood SRO,,307 Bay Ridge Avenue,,Brooklyn,11220,718-748-3529,http://sus.org,40.635673,-74.025792,,1,1,1,,1,,1,,1,,,,1,1,1,1,,1
Safe Space NYC Inc,Family Life Clinic,89-74 162nd Street,5th Floor,Jamaica,11432,718-526-2400,http://safespacenyc.org,40.704733,-73.798159,,1,,1,1,1,,,,,,1,1,1,1,1,,,
Saint Barnabas Hosp/Fordham Tremont,CMHC Clinical Recovery Division,260 East 188th Street,,Bronx,10458,718-960-3190,http://www.fordhamtremont.org,40.860773,-73.895808,,,1,1,,1,1,1,,1,,1,1,1,1,,1,,
Saint Barnabas Hospital,Chemical Dependency MMD,183rd Street and 3rd Avenue,,Bronx,10457,718- 960-6170,http://www.stbarnabashospital.org/,40.824385,-73.810236,,,1,1,,1,1,1,,,1,,1,1,1,,1,1,
Saint Barnabas Hospital,Chemical Dependency Outpatient Service,4451 3rd Avenue,,Bronx,10457,718-960-6314,http://www.sbhny.org,40.807764,-73.929592,1,,,1,,1,1,1,,1,1,,1,1,1,1,1,,
Saint Barnabas Hospital,Department of Psychiatry,4422 3rd Avenue,,Bronx,10457,718-960-9000,,40.85253,-73.89149,,1,1,1,,1,,,,,,,1,1,1,1,,1,
Saint Barnabas Hospital,Fordham/Tremont South,326 East 149th Street,,Bronx,10451,718-402-6380,http://www.saintbarnabashospital.org,40.816442,-73.920694,,,1,1,,1,,,,,,,1,1,1,1,,,
Saint Vincents Mental Health Services,,66 Boerum Place,,Brooklyn,11201,718-522-6011,,40.689691,-73.990659,,,1,1,1,1,1,1,,1,1,1,1,1,1,,1,,
Saint Vincents Services Inc,Outpatient Chemical Dependency Program,8931 161st Street,4th Floor,Jamaica,11432,718- 206-0218,http://svs.org,40.7056,-73.799147,1,1,1,1,,1,1,1,1,1,1,1,1,1,1,,1,,
Saint Vincents Services OP 1,,56 Bay Street,1st Floor,Staten Island,10301,718-206-0218,http://www.svs.org,40.640693,-74.076035,1,1,1,1,,1,1,1,1,1,1,1,1,1,1,,1,,
Samaritan Daytop Village,Outpatient,2614-16 Halperin Avenue,,Bronx,10461,718-518-9007,http://www.daytop.org,40.842954,-73.843873,,,,1,1,1,,,,,,1,1,1,1,1,,,
Samaritan Village Inc,Drug Free Outpatient,14410 Jamaica Avenue,,Jamaica,11435,718-206-1990,http://www.samaritanvillage.org,40.707693,-73.787273,1,1,,1,,,,,,,1,,1,1,1,,,,
Samaritan Village Inc,Drug Residential Treatment Program,327 West 43rd Street,,New York,10036,212-333-5445,http://www.samaritanvillage.org,40.75817715,-73.99005275,,,,1,1,,1,1,1,1,1,1,1,1,1,,1,,1
Samaritan Village Inc,Ed Thompson Veterans Center,130-15 89th Road,,Richmond Hill,11418,718-849-3582-8850,http://www.samaritanvillage.org,40.699896,-73.820517,1,1,1,1,1,1,,1,,,,,1,1,1,1,1,,1
Samaritan Village Inc,MTA/Residential,13020 89th Road,,Richmond Hill,11418,718-441-8913,http://www.samaritanvillage.org,40.699497,-73.820313,1,1,1,1,1,1,1,1,,1,1,,1,1,1,1,1,,1
Samaritan Village Inc,Residential Drug Free Program,1381 University Avenue,,Bronx,10452,718-681-9300,http://www.samaritanvillage.org,40.84269392,-73.92568505,,,1,1,1,1,1,1,1,1,1,,1,1,1,1,1,,1
Samaritan Village Inc,Residential Drug Free Program,8883 Van Wyck Expressway,,Jamaica,11435,718-657-8729,http://www.samaritanvillage.org,40.705778,-73.817873,1,,1,1,1,1,1,1,1,1,1,,1,1,1,1,1,,1
Samaritan Village Inc,Young Mothers/Infants/Toddlers,119 West 106th Street,,New York,10025,212-222-5285,,40.799869,-73.963611,,,,1,1,1,1,1,1,1,,,,1,,1,1,,1
Samaritan Village Inc,,68 West 106th Street,,New York,10025,646-790-7364,,40.798779,-73.962519,1,1,1,1,,1,,1,,1,,,1,1,1,1,1,,1
Samuel Field YM and YWHA,,5820 Little Neck Parkway,,Little Neck,11362,718-225-6750,http://www.sfy.org,40.760885,-73.72329,,1,1,1,1,1,,,,,,,,1,1,1,,,
Service Program for Older People Inc,,302 West 91st Street,,New York,10024,212-787-7120,http://spop.org,40.792151,-73.976074,,1,1,1,1,1,,,,,,,,1,1,1,,,
Silver Lake Support Services Inc,Chemical Dependency Outpatient Clinic,201 Forest Avenue,,Staten Island,10301,718-815-3155,http://www.silverlakesupport.com,40.632052,-74.096017,1,1,,1,1,1,,1,,,,,1,1,1,1,1,,
South Beach Psych Ctr/Coney Island,Sheepshead Bay Clinic,532 Neptune Avenue,2nd Floor,Brooklyn,11224,718-946-2600,,40.579657,-73.9743,1,1,1,1,1,1,1,1,,1,,,1,1,1,1,1,,
South Beach Psychiatric Center,Fort Hamilton Outpatient Clinic,8710 5th Avenue,,Brooklyn,11209,718-680-0006,,40.620662,-74.027132,,1,1,1,1,1,,,,,,,1,1,1,,,,
South Beach Psychiatric Center,Oceanview Lodge Clinic,777 Seaview Avenue,Building 1 2nd Floor,Staten Island,10305,718-667-2536,,40.582822,-74.078663,,,1,1,,1,,,,,,,1,1,1,,,,
South Beach Psychiatric Center,South Richmond/OP and Day Treatment,777 Seaview Avenue,,Staten Island,10305,718-667-2300,,40.582822,-74.078663,,,1,1,,1,,,,,,,1,1,1,1,,,
South Brooklyn Medical Admin Servs,South Brooklyn Med Servs/MMTP Clinic,685 3rd Avenue,,Brooklyn,11232,718-788-2594-117,,40.663848,-73.997094,1,,,1,,,,,,,,,,1,1,,,,
St Vincent Hosp/Div St Joseph Med Ctr,Saint Martin de Porres Location,480 Alabama Avenue,,Brooklyn,11207,718-485-3400-103,http://www.svwsjmc.org,40.664073,-73.897099,1,,,1,,,,,1,1,,,1,1,,,,,
Staten Island Mental Hlth Society Inc,Family Support Program,444 Saint Marks Place,,Staten Island,10301,718-720-6727,http://www.simhs.org,40.638736,-74.077633,1,1,,1,1,1,1,,,,,1,1,1,,1,,,
Staten Island Mental Hlth Society Inc,,669 Castleton Avenue,,Staten Island,10301,718-442-2225,,40.635238,-74.103808,1,1,,1,1,1,1,,,,,1,1,1,,1,,,
Staten Island University Hospital,Methadone Treatment Clinic,425 Coney Island Avenue,1st Floor,Brooklyn,11218,718-306-5125,,40.647215,-73.970747,1,,,1,,1,,,,1,,,1,1,1,,,,
Steinway Child and Family Services Inc,Courtlandt Avenue Clinic,522 Courtlandt Avenue,,Bronx,10451,718-585-2153,http://www.steinway.org,40.815964,-73.919801,,1,1,1,1,1,1,1,1,1,1,1,1,1,1,1,1,,
Stuyvesant Square Chemical Dependency,Treatment Program IP,10 Nathan D Perlman Place,3rd Floor,New York,10003,212-420-4220,http://www.wehealny.org/services/bi_stuysq/,40.732254,-73.987411,1,1,1,1,1,,1,1,1,1,1,,1,1,1,1,1,1,
TRI Center Inc,Chemical Dependency Trt/New York,1369 Broadway,2nd Floor,New York,10018,212- 268-8830,http://www.tricenter.com,40.75205048,-73.98752558,1,,,1,,1,1,,1,1,1,,1,1,,,,,
The PAC Program of the Bronx Inc OP,,1215-1217 Stratford Avenue,,Bronx,10472,718-328-2605,http://www.thepacprogram.com,40.829759,-73.875872,1,1,1,1,1,1,1,1,1,1,1,1,1,1,,1,1,,
The Resource Training Center Inc,Resource Counseling Center Inc OP,449 39th Street,2nd and 4th Floors,Brooklyn,11232,718-871-2400,http://www.ResourceCounselingNY.org,40.651987,-74.004662,1,1,1,1,1,1,1,1,1,1,1,1,1,1,1,1,1,,
Turning Point Brooklyn Inc OP,Exodus,5220 4th Avenue,1st Floor,Brooklyn,11220,718-360-8147,http://www.tpbk.org,40.645128,-74.014453,1,,,1,1,1,1,,1,1,1,1,1,1,1,1,,,
Union Settlement Association Inc,James Weldon Johnson Counseling Center,2089 Third Avenue,,New York,10029,212-828-6144,http://www.unionsettlement.org,40.797687,-73.940216,,1,1,1,,,,,,,,1,1,1,1,1,,,
Unitas OP,,57 Saint Marks Place,1st 2nd and 3rd Floors,New York,10003,212-982-3470,http://www.unitas-nyc.org,40.728307,-73.986378,1,1,1,1,1,1,,,,,1,1,1,1,1,1,,,
Upper Manhattan MH Center Inc,Aka the Emma Case Management BCM,215-217 West 135th Street,,New York,10030,212-694-3500-11,http://www.bowencsc.org/,40.816018,-73.944676,,,1,1,,1,1,,,1,,,1,1,1,1,,,
VA NY Harbor Healthcare System,Chapel Street Veterans Healthcare Ctr,40 Flatbush Avenue,Floor 8,Brooklyn,11201,718-439-4300,,40.697474,-73.985357,,,,,,1,1,1,,1,,,1,1,1,,1,,
VIDA CLINIC,,4419 3rd Avenue,,Bronx,10457,718-364-7700x5213,http://comunilife.org,40.851994,-73.893253,,1,1,1,,1,,,,,,1,1,1,1,,,,
West Midtown Medical  Group,DBA West Midtown Medical Group,311 West 35th Street,,New York,10001,212-736-5900,http://westmidtownmedicalgroup.net,40.75312,-73.993567,,,1,1,1,1,1,,,1,,,1,1,,1,,,
West Midtown Medical Group,OP 1,311 West 35th Street,4th Floor,New York,10011,212-736-5900,http://www.westmidtownmedicalgroup.net,40.753175,-73.993112,,,1,1,,1,1,,,1,,,1,1,1,1,,,
William A White Institute,Clinic Services,20 West 74th Street,,New York,10023,212-873-0725-26,http://wawhite.org,40.777878,-73.97609,,1,,,1,1,1,,,,,1,1,1,1,,,,
Womens Center for SA and Wellness OP,,391 East 149th Street,6th Floor,Bronx,10455,718-402-0066,http://www.winnyc.org,40.816455,-73.918058,1,,1,1,,,,,,,1,,1,1,,,,,
YMCA of Greater New York,,285 Vanderbilt Avenue,,Staten Island,10304,718-981-4382,http://www.ymcanyc.org/si-counseling,40.618185,-74.080681,1,,1,,1,1,,,,,,,1,1,1,1,,,